drop database if exists dbms;
create database dbms;
use dbms;

create table Users (
    UserId bigint primary key,
    FirstName varchar(50),
    LastName varchar(50),
    PhoneNumber bigint CHECK (PhoneNumber REGEXP '^[0-9]{10}$'),
    Email varchar(255) CHECK (Email REGEXP '^[a-zA-Z0-9._%+-]+@[a-zA-Z0-9.-]+\\.[a-zA-Z]{2,}$'),
    UserPassword varchar(100),
    UNIQUE(email)
);

CREATE TABLE Privileges(
    id bigint primary key,
    privilege VARCHAR(100),
    UNIQUE(privilege)
);

CREATE TABLE UserPrivileges(
    userid bigint NOT NULL,
    privilegeid bigint NOT NULL,
    PRIMARY KEY(userid, privilegeid),
    FOREIGN KEY(userid) REFERENCES users(userid),
    FOREIGN KEY(privilegeid) REFERENCES privileges(id)
);

create table PincodeInfo(
    Pincode bigint PRIMARY KEY NOT NULL,
    City VARCHAR(255) NOT NULL,
    State VARCHAR(255) NOT NULL
);

create table UserAddress (
    AddressId bigint primary key,
    UserId bigint references users(UserId),
    StreetAddress text,
    Pincode bigint references PincodeInfo(Pincode)
);

CREATE TABLE Drivers(
    DriverId BIGINT PRIMARY KEY,
    UserId BIGINT NOT NULL,
    FOREIGN KEY(userId) REFERENCES users(userid),
    NumberOfUsersRated bigint DEFAULT 0,
    Rating double DEFAULT 0.0,
    Pincode bigint references PincodeInfo(Pincode),
    ImageUrl varchar(250),
    status int DEFAULT 0,
    UNIQUE(userId)
);

create table Promocode (
    PromocodeId bigint primary key,
    PromoName varchar(100),
    StartDate DATE,
    EndDate DATE,
    MinimumOrderValue bigint default 50000,
    Discount int check(0 <= Discount <= 100),
    PromoDescription text
);

create table restaurant (
    RestaurantId bigint primary key,
    UserId bigint references users(UserId),
    RestaurantName varchar(50),
    StartTime time,
    EndTime time,
    IsVegeterian boolean,
    PhoneNumber bigint CHECK (PhoneNumber REGEXP '^[0-9]{10}$'),
    StreetAddress text,
    Pincode bigint references PincodeInfo(Pincode),
    Rating double default 0.0,
    NumberOfUsersRated bigint default 0,
    RestaurantDescription text default null,
    ImageUrl varchar(250) DEFAULT 'https://www.tripsavvy.com/thmb/ur_fR8DA8gCZFl3sMe6t9rJ1peE=/1500x0/filters:no_upscale():max_bytes(150000):strip_icc()/26-5adafa56c6733500373c3cf5.jpg'

);

create table cart (
    CartId bigint primary key,
    Status boolean,
    UserId bigint references users(UserId),
    AddressId bigint references userAddress(AddressId),
    PromocodeId bigint references promocode(PromocodeId),
    RestaurantId bigint references restaurant(RestaurantId),
    Foreign key (UserId) references users(UserId)
);

create table items (
                        ItemId bigint primary key,
                        ItemName varchar(100),
                        RestaurantId bigint references restaurant(RestaurantId),
                        IsVegeterian boolean,
                        Price bigint,
                        ItemDescription text,
                        IsAvailable boolean default true,
                        Rating double default 0.0,
                        NumberOfUsersRated bigint,
                        ImageUrl varchar(250) default '/assets/images/dish-1.png'
);

create table orders (
                        OrderId bigint primary key,
                        Amount bigint,
                        OrderStatus int,
                        CartId bigint,
                        DriverId bigint,
                        TrackingUrl varchar(250),
                        OrderTime timestamp,
                        deliveryTime timestamp,
                        IsRated boolean default false,
                        Foreign key (DriverId) references drivers(DriverId),
                        Foreign key (CartId) references cart(CartId) ON DELETE CASCADE
);

create table transactions (
                              TransactionId VARCHAR(100) primary key,
                              CartId bigint,
                              TransactionType varchar(20),
                              TransactionStatus varchar(20),
                              TransactionTime timestamp,
                              Foreign key (CartId) references cart(CartId) ON DELETE CASCADE
);

create table cartItems (
                           CartId bigint,
                           ItemId bigint,
                           Quantity int,
                           primary key(CartId,ItemId),
                           Foreign key(CartId) references cart(CartId) ON DELETE CASCADE,
                           Foreign key(ItemId) references items(ItemId)
);

CREATE TABLE category(
                         categoryId BIGINT PRIMARY KEY,
                         categoryName VARCHAR(255) NOT NULL
);

create table itemCategory (
                              itemId bigint primary key,
                              categoryId bigint,
                              Foreign key(ItemId) references items(ItemId),
                              FOREIGN KEY (categoryId) REFERENCES category(categoryId)
);

INSERT INTO PincodeInfo VALUES
(560025, 'Bangalore', 'Karnataka'),
(700016, 'Kolkata', 'West Bengal'),
(500033, 'Hyderabad', 'Telangana'),
(110001, 'Delhi', 'Delhi'),
(560001, 'Bangalore', 'Karnataka'),
(411001, 'Pune', 'Maharashtra'),
(600001, 'Chennai', 'Tamil Nadu'),
(248001, 'Dehradun', 'Uttarakhand'),
(302001, 'Jaipur', 'Rajasthan'),
(400001, 'Mumbai', 'Maharashtra'),
(700004, 'Kolkata', 'West Bengal'),
(313001, 'Udaipur', 'Rajasthan'),
(221001, 'Varanasi', 'Uttar Pradesh'),
(221005, 'Varanasi', 'Uttar Pradesh'),
(500040, 'Hyderabad', 'Telangana'),
(506002, 'Warangal', 'Telangana'),
(515425,"Ananthapur","Andhra Pradesh"),
(515711,"Ananthapur","Andhra Pradesh"),
(515803,"Ananthapur","Andhra Pradesh"),
(515865,"Ananthapur","Andhra Pradesh"),
(515812,"Ananthapur","Andhra Pradesh"),
(515765,"Ananthapur","Andhra Pradesh"),
(517127,"Chittoor","Andhra Pradesh"),
(517124,"Chittoor","Andhra Pradesh"),
(517130,"Chittoor","Andhra Pradesh"),
(517167,"Chittoor","Andhra Pradesh"),
(517425,"Chittoor","Andhra Pradesh"),
(516269,"Kadapa","Andhra Pradesh"),
(516162,"Kadapa","Andhra Pradesh"),
(516267,"Kadapa","Andhra Pradesh"),
(515631,"Ananthapur","Andhra Pradesh"),
(515641,"Ananthapur","Andhra Pradesh"),
(515286,"Ananthapur","Andhra Pradesh"),
(515124,"Ananthapur","Andhra Pradesh"),
(515311,"Ananthapur","Andhra Pradesh"),
(518412,"Kurnool","Andhra Pradesh"),
(518222,"Kurnool","Andhra Pradesh"),
(518344,"Kurnool","Andhra Pradesh"),
(518348,"Kurnool","Andhra Pradesh"),
(518323,"Kurnool","Andhra Pradesh"),
(518599,"Kurnool","Andhra Pradesh"),
(518396,"Kurnool","Andhra Pradesh"),
(518112,"Kurnool","Andhra Pradesh"),
(523305,"Prakasam","Andhra Pradesh"),
(518134,"Kurnool","Andhra Pradesh"),
(523326,"Prakasam","Andhra Pradesh"),
(523369,"Prakasam","Andhra Pradesh"),
(518165,"Kurnool","Andhra Pradesh"),
(516391,"Kadapa","Andhra Pradesh"),
(516175,"Kadapa","Andhra Pradesh"),
(516293,"Kadapa","Andhra Pradesh"),
(517587,"Chittoor","Andhra Pradesh"),
(534206,"West Godavari","Andhra Pradesh"),
(534001,"West Godavari","Andhra Pradesh"),
(534437,"West Godavari","Andhra Pradesh"),
(521105,"Krishna","Andhra Pradesh"),
(521321,"Krishna","Andhra Pradesh"),
(521325,"Krishna","Andhra Pradesh"),
(524409,"Nellore","Andhra Pradesh"),
(522018,"Guntur","Andhra Pradesh"),
(522016,"Guntur","Andhra Pradesh"),
(522005,"Guntur","Andhra Pradesh"),
(522509,"Guntur","Andhra Pradesh"),
(521122,"Krishna","Andhra Pradesh"),
(521133,"Krishna","Andhra Pradesh"),
(522647,"Guntur","Andhra Pradesh"),
(522402,"Guntur","Andhra Pradesh"),
(522616,"Guntur","Andhra Pradesh"),
(522549,"Guntur","Andhra Pradesh"),
(522435,"Guntur","Andhra Pradesh"),
(524225,"Nellore","Andhra Pradesh"),
(524322,"Nellore","Andhra Pradesh"),
(523274,"Prakasam","Andhra Pradesh"),
(523214,"Prakasam","Andhra Pradesh"),
(523252,"Prakasam","Andhra Pradesh"),
(523263,"Prakasam","Andhra Pradesh"),
(523110,"Prakasam","Andhra Pradesh"),
(523281,"Prakasam","Andhra Pradesh"),
(523135,"Prakasam","Andhra Pradesh"),
(534111,"West Godavari","Andhra Pradesh"),
(534166,"West Godavari","Andhra Pradesh"),
(522313,"Guntur","Andhra Pradesh"),
(522124,"Guntur","Andhra Pradesh"),
(522212,"Guntur","Andhra Pradesh"),
(521164,"Krishna","Andhra Pradesh"),
(521230,"Krishna","Andhra Pradesh"),
(521456,"Krishna","Andhra Pradesh"),
(533235,"East Godavari","Andhra Pradesh"),
(531084,"Visakhapatnam","Andhra Pradesh"),
(531127,"Visakhapatnam","Andhra Pradesh"),
(531033,"Visakhapatnam","Andhra Pradesh"),
(531081,"Visakhapatnam","Andhra Pradesh"),
(531061,"Visakhapatnam","Andhra Pradesh"),
(531020,"Visakhapatnam","Andhra Pradesh"),
(535557,"Vizianagaram","Andhra Pradesh"),
(535102,"Vizianagaram","Andhra Pradesh"),
(535101,"Vizianagaram","Andhra Pradesh"),
(535568,"Vizianagaram","Andhra Pradesh"),
(535527,"Vizianagaram","Andhra Pradesh"),
(535578,"Vizianagaram","Andhra Pradesh"),
(535128,"Vizianagaram","Andhra Pradesh"),
(533339,"East Godavari","Andhra Pradesh"),
(533232,"East Godavari","Andhra Pradesh"),
(533295,"East Godavari","Andhra Pradesh"),
(533106,"East Godavari","Andhra Pradesh"),
(532127,"Srikakulam","Andhra Pradesh"),
(532290,"Srikakulam","Andhra Pradesh"),
(532122,"Srikakulam","Andhra Pradesh"),
(532458,"Srikakulam","Andhra Pradesh"),
(532426,"Srikakulam","Andhra Pradesh"),
(532430,"Srikakulam","Andhra Pradesh"),
(530031,"Visakhapatnam","Andhra Pradesh"),
(535204,"Vizianagaram","Andhra Pradesh"),
(535217,"Vizianagaram","Andhra Pradesh"),
(535003,"Vizianagaram","Andhra Pradesh"),
(788728,"Karimganj","Assam"),
(788101,"Cachar","Assam"),
(788003,"Cachar","Assam"),
(788025,"Cachar","Assam"),
(788165,"Hailakandi","Assam"),
(788831,"Dima Hasso - North Cachar Hill","Assam"),
(784509,"Udalguri","Assam"),
(784175,"Sonitpur","Assam"),
(784178,"Sonitpur","Assam"),
(783339,"Dhubri","Assam"),
(783384,"Bongaigaon","Assam"),
(783333,"Kokrajhar","Assam"),
(783349,"Dhubri","Assam"),
(783348,"Dhubri","Assam"),
(783331,"Dhubri","Assam"),
(781123,"Kamrup","Assam"),
(781135,"Kamrup","Assam"),
(781328,"Barpeta","Assam"),
(781346,"Baksa","Assam"),
(781318,"Baksa","Assam"),
(781347,"Nalbari","Assam"),
(781138,"Nalbari","Assam"),
(781330,"Baksa","Assam"),
(787057,"Dhemaji","Assam"),
(787110,"Dhemaji","Assam"),
(786610,"Dibrugarh","Assam"),
(786007,"Dibrugarh","Assam"),
(784164,"Lakhimpur","Assam"),
(782435,"Nagaon","Assam"),
(782425,"Nagaon","Assam"),
(782411,"Nagaon","Assam"),
(782003,"Nagaon","Assam"),
(782104,"Marigaon","Assam"),
(782125,"Nagaon","Assam"),
(785667,"Sibsagar","Assam"),
(785611,"Golaghat","Assam"),
(785618,"Golaghat","Assam"),
(785104,"Jorhat","Assam"),
(785666,"Sibsagar","Assam"),
(785635,"Jorhat","Assam"),
(785630,"Jorhat","Assam"),
(785686,"Sibsagar","Assam"),
(786182,"Tinsukia","Assam"),
(786181,"Tinsukia","Assam"),
(824102,"Aurangabad","Bihar"),
(824211,"Gaya","Bihar"),
(802158,"Bhojpur","Bihar"),
(802114,"Buxar","Bihar"),
(802203,"Bhojpur","Bihar"),
(824232,"Gaya","Bihar"),
(804421,"Jehanabad","Bihar"),
(804435,"Gaya","Bihar"),
(801103,"Patna","Bihar"),
(804451,"Patna","Bihar"),
(801108,"Patna","Bihar"),
(821110,"Kaimur Bhabua","Bihar"),
(821108,"Rohtas","Bihar"),
(821115,"Rohtas","Bihar"),
(821101,"Kaimur Bhabua","Bihar"),
(852161,"Khagaria","Bihar"),
(851212,"Khagaria","Bihar"),
(851214,"Khagaria","Bihar"),
(813222,"Bhagalpur","Bihar"),
(813109,"Banka","Bihar"),
(813213,"Bhagalpur","Bihar"),
(854107,"Katihar","Bihar"),
(811201,"Munger","Bihar"),
(811211,"Munger","Bihar"),
(811308,"Jamui","Bihar"),
(811317,"Jamui","Bihar"),
(811302,"Lakhisarai","Bihar"),
(813221,"Bhagalpur","Bihar"),
(811202,"Munger","Bihar"),
(803107,"Nalanda","Bihar"),
(801303,"Nalanda","Bihar"),
(811105,"Sheikhpura","Bihar"),
(805111,"Nawada","Bihar"),
(805127,"Nawada","Bihar"),
(805102,"Nawada","Bihar"),
(852139,"Supaul","Bihar"),
(852106,"Saharsa","Bihar"),
(852115,"Madhepura","Bihar"),
(852129,"Saharsa","Bihar"),
(852121,"Saharsa","Bihar"),
(848236,"Samastipur","Bihar"),
(848114,"Samastipur","Bihar"),
(848127,"Samastipur","Bihar"),
(848115,"Samastipur","Bihar"),
(847115,"Darbhanga","Bihar"),
(847121,"Darbhanga","Bihar"),
(847202,"Darbhanga","Bihar"),
(845422,"East Champaran","Bihar"),
(845435,"East Champaran","Bihar"),
(847228,"Madhubani","Bihar"),
(847235,"Madhubani","Bihar"),
(847229,"Madhubani","Bihar"),
(847232,"Madhubani","Bihar"),
(847230,"Madhubani","Bihar"),
(847212,"Madhubani","Bihar"),
(847409,"Madhubani","Bihar"),
(843125,"Muzaffarpur","Bihar"),
(854304,"Purnia","Bihar"),
(854311,"Araria","Bihar"),
(854203,"Purnia","Bihar"),
(854202,"Purnia","Bihar"),
(841204,"Saran","Bihar"),
(841422,"Saran","Bihar"),
(841221,"Saran","Bihar"),
(841414,"Saran","Bihar"),
(843313,"Sitamarhi","Bihar"),
(843320,"Sitamarhi","Bihar"),
(843327,"Sitamarhi","Bihar"),
(843302,"Sitamarhi","Bihar"),
(843319,"Sitamarhi","Bihar"),
(843315,"Sitamarhi","Bihar"),
(843333,"Sitamarhi","Bihar"),
(841405,"Gopalganj","Bihar"),
(841239,"Siwan","Bihar"),
(841503,"Gopalganj","Bihar"),
(841435,"Siwan","Bihar"),
(841287,"Siwan","Bihar"),
(841509,"Siwan","Bihar"),
(845449,"West Champaran","Bihar"),
(845453,"West Champaran","Bihar"),
(845306,"West Champaran","Bihar"),
(495671,"Janjgirchampa","Chattisgarh"),
(495446,"Korba","Chattisgarh"),
(495677,"Korba","Chattisgarh"),
(491332,"Bemetara","Chattisgarh"),
(491226,"Balod","Chattisgarh"),
(491001,"Durg","Chattisgarh"),
(491228,"Balod","Chattisgarh"),
(491668,"Rajnandgaon","Chattisgarh"),
(491335,"Bemetara","Chattisgarh"),
(490023,"Durg","Chattisgarh"),
(491227,"Balod","Chattisgarh"),
(491230,"Balod","Chattisgarh"),
(490036,"Durg","Chattisgarh"),
(491771,"Balod","Chattisgarh"),
(496661,"Raigarh","Chattisgarh"),
(496223,"Jaspur","Chattisgarh"),
(496001,"Raigarh","Chattisgarh"),
(497449,"Koriya","Chattisgarh"),
(496338,"Jaspur","Chattisgarh"),
(493992,"Gariaband","Chattisgarh"),
(493558,"Mahasamund","Chattisgarh"),
(493229,"Balod Bazer","Chattisgarh"),
(493449,"Mahasamund","Chattisgarh"),
(493116,"Raipur","Chattisgarh"),
(494444,"Bijapur(Cgh)","Chattisgarh"),
(494448,"Dantewada","Chattisgarh"),
(494447,"Bijapur(Cgh)","Chattisgarh"),
(494222,"Bastar","Chattisgarh"),
(110003,"South Delhi","Delhi"),
(110044,"South Delhi","Delhi"),
(110017,"South Delhi","Delhi"),
(110022,"New Delhi","Delhi"),
(110071,"South West Delhi","Delhi"),
(110015,"West Delhi","Delhi"),
(110073,"South West Delhi","Delhi"),
(380024,"Ahmedabad","Gujarat"),
(382445,"Ahmedabad","Gujarat"),
(382405,"Ahmedabad","Gujarat"),
(385320,"Banaskantha","Gujarat"),
(385505,"Banaskantha","Gujarat"),
(385545,"Banaskantha","Gujarat"),
(385110,"Banaskantha","Gujarat"),
(385001,"Banaskantha","Gujarat"),
(385566,"Banaskantha","Gujarat"),
(382481,"Ahmedabad","Gujarat"),
(382120,"Ahmedabad","Gujarat"),
(382315,"Ahmedabad","Gujarat"),
(382265,"Ahmedabad","Gujarat"),
(384455,"Mahesana","Gujarat"),
(384001,"Mahesana","Gujarat"),
(385340,"Patan","Gujarat"),
(383410,"Sabarkantha","Gujarat"),
(383434,"Sabarkantha","Gujarat"),
(383317,"Aravalli","Gujarat"),
(383270,"Sabarkantha","Gujarat"),
(383110,"Sabarkantha","Gujarat"),
(364530,"Amreli","Gujarat"),
(365410,"Amreli","Gujarat"),
(365220,"Amreli","Gujarat"),
(365555,"Amreli","Gujarat"),
(365560,"Amreli","Gujarat"),
(364290,"Bhavnagar","Gujarat"),
(364140,"Bhavnagar","Gujarat"),
(364760,"Bhavnagar","Gujarat"),
(360311,"Rajkot","Gujarat"),
(361110,"Jamnagar","Gujarat"),
(361315,"Devbhoomi Dwerka","Gujarat"),
(361320,"Jamnagar","Gujarat"),
(361325,"Devbhoomi Dwerka","Gujarat"),
(362150,"Gir Somnath","Gujarat"),
(362130,"Junagadh","Gujarat"),
(362140,"Gir Somnath","Gujarat"),
(362720,"Gir Somnath","Gujarat"),
(370610,"Kachchh","Gujarat"),
(370165,"Kachchh","Gujarat"),
(370435,"Kachchh","Gujarat"),
(360570,"Porbandar","Gujarat"),
(360590,"Porbandar","Gujarat"),
(362620,"Junagadh","Gujarat"),
(360002,"Rajkot","Gujarat"),
(363765,"Surendra Nagar","Gujarat"),
(363421,"Surendra Nagar","Gujarat"),
(363310,"Surendra Nagar","Gujarat"),
(363115,"Surendra Nagar","Gujarat"),
(363425,"Surendra Nagar","Gujarat"),
(363745,"Surendra Nagar","Gujarat"),
(394710,"Dangs","Gujarat"),
(394650,"Tapi","Gujarat"),
(394320,"Surat","Gujarat"),
(394150,"Surat","Gujarat"),
(392155,"Bharuch","Gujarat"),
(394810,"Bharuch","Gujarat"),
(393120,"Bharuch","Gujarat"),
(392150,"Bharuch","Gujarat"),
(393001,"Bharuch","Gujarat"),
(392020,"Bharuch","Gujarat"),
(393151,"Narmada","Gujarat"),
(393110,"Bharuch","Gujarat"),
(388640,"Kheda","Gujarat"),
(387560,"Kheda","Gujarat"),
(387380,"Kheda","Gujarat"),
(396406,"Navsari","Gujarat"),
(396350,"Navsari","Gujarat"),
(388270,"Mahisagar","Gujarat"),
(389130,"Dahod","Gujarat"),
(389210,"Panch Mahals","Gujarat"),
(389180,"Dahod","Gujarat"),
(389265,"Mahesana","Gujarat"),
(394110,"Surat","Gujarat"),
(395004,"Surat","Gujarat"),
(395005,"Surat","Gujarat"),
(391135,"Vadodara","Gujarat"),
(391168,"Vadodara","Gujarat"),
(391140,"Vadodara","Gujarat"),
(390001,"Vadodara","Gujarat"),
(391170,"Vadodara","Gujarat"),
(391330,"Vadodara","Gujarat"),
(391440,"Vadodara","Gujarat"),
(396150,"Valsad","Gujarat"),
(127040,"Bhiwani","Haryana"),
(127043,"Bhiwani","Haryana"),
(127031,"Bhiwani","Haryana"),
(122107,"Mewat","Haryana"),
(125113,"Hisar","Haryana"),
(125077,"Sirsa","Haryana"),
(125103,"Sirsa","Haryana"),
(126102,"Jind","Haryana"),
(126101,"Jind","Haryana"),
(126116,"Jind","Haryana"),
(132157,"Karnal","Haryana"),
(136118,"Kurukshetra","Haryana"),
(124102,"Jhajjar","Haryana"),
(124104,"Jhajjar","Haryana"),
(124508,"Jhajjar","Sikkim"),
(131001,"Sonipat","Haryana"),
(176315,"Chamba","Himachal Pradesh"),
(177117,"Kangra","Himachal Pradesh"),
(177111,"Kangra","Himachal Pradesh"),
(176101,"Kangra","Himachal Pradesh"),
(176402,"Kangra","Himachal Pradesh"),
(176125,"Kangra","Himachal Pradesh"),
(176061,"Kangra","Himachal Pradesh"),
(176083,"Kangra","Himachal Pradesh"),
(176052,"Kangra","Himachal Pradesh"),
(176058,"Kangra","Himachal Pradesh"),
(176088,"Kangra","Himachal Pradesh"),
(176093,"Kangra","Himachal Pradesh"),
(174026,"Bilaspur Hp","Himachal Pradesh"),
(176042,"Hamirpurhp","Himachal Pradesh"),
(175032,"Mandi","Himachal Pradesh"),
(175101,"Kullu","Himachal Pradesh"),
(175047,"Mandi","Himachal Pradesh"),
(175123,"Mandi","Himachal Pradesh"),
(175030,"Mandi","Himachal Pradesh"),
(175023,"Mandi","Himachal Pradesh"),
(172106,"Kinnaur","Himachal Pradesh"),
(172102,"Shimla","Himachal Pradesh"),
(172033,"Kullu","Himachal Pradesh"),
(171206,"Shimla","Himachal Pradesh"),
(173207,"Solan","Himachal Pradesh"),
(173022,"Sirmaur","Himachal Pradesh"),
(173025,"Sirmaur","Himachal Pradesh"),
(173029,"Sirmaur","Himachal Pradesh"),
(173030,"Sirmaur","Himachal Pradesh"),
(174302,"Una","Himachal Pradesh"),
(193121,"Baramulla","Jammu And Kashmir"),
(180005,"Jammu","Jammu And Kashmir"),
(180012,"Jammu","Jammu And Kashmir"),
(185151,"Rajauri","Jammu And Kashmir"),
(185156,"Rajauri","Jammu And Kashmir"),
(185201,"Rajauri","Jammu And Kashmir"),
(192231,"Kulgam","Jammu And Kashmir"),
(190023,"Srinagar","Jammu And Kashmir"),
(190006,"Srinagar","Jammu And Kashmir"),
(192125,"Ananthnag","Jammu And Kashmir"),
(192305,"Pulwama","Jammu And Kashmir"),
(191201,"Ganderbal","Jammu And Kashmir"),
(182311,"Reasi","Jammu And Kashmir"),
(182122,"Udhampur","Jammu And Kashmir"),
(182221,"Doda","Jammu And Kashmir"),
(182203,"Doda","Jammu And Kashmir"),
(827013,"Bokaro","Jharkhand"),
(827302,"Bokaro","Jharkhand"),
(828206,"Dhanbad","Jharkhand"),
(825106,"Giridh","Jharkhand"),
(815318,"Giridh","Jharkhand"),
(829101,"Ramgarh","Jharkhand"),
(825319,"Hazaribag","Jharkhand"),
(822112,"Garhwa","Jharkhand"),
(822134,"Garhwa","Jharkhand"),
(822121,"Garhwa","Jharkhand"),
(822113,"Palamau","Jharkhand"),
(822128,"Garhwa","Jharkhand"),
(822120,"Palamau","Jharkhand"),
(822126,"Palamau","Jharkhand"),
(822110,"Palamau","Jharkhand"),
(822118,"Palamau","Jharkhand"),
(835103,"Ranchi","Jharkhand"),
(835226,"Simdega","Jharkhand"),
(835303,"Ranchi","Jharkhand"),
(835220,"Gumla","Jharkhand"),
(835235,"Simdega","Jharkhand"),
(835205,"Ranchi","Jharkhand"),
(834006,"Ranchi","Jharkhand"),
(814144,"Dumka","Jharkhand"),
(816107,"Pakur","Jharkhand"),
(815351,"Sahibganj","Jharkhand"),
(816104,"Pakur","Jharkhand"),
(814165,"Godda","Jharkhand"),
(814133,"Godda","Jharkhand"),
(816108,"Sahibganj","Jharkhand"),
(832404,"Seraikelakharsawan","Jharkhand"),
(832104,"East Singhbhum","Jharkhand"),
(832304,"East Singhbhum","Jharkhand"),
(832101,"East Singhbhum","Jharkhand"),
(833204,"West Singhbhum","Jharkhand"),
(560117,"Bengalore","Karnataka"),
(560056,"Bengalore","Karnataka"),
(560073,"Bengalore","Karnataka"),
(561205,"Bengalore Rural","Karnataka"),
(562121,"Ramanagar","Karnataka"),
(587116,"Bagalkot","Karnataka"),
(587204,"Bagalkot","Karnataka"),
(587207,"Bagalkot","Karnataka"),
(587315,"Bagalkot","Karnataka"),
(583103,"Bellary","Karnataka"),
(583111,"Bellary","Karnataka"),
(583125,"Davangere","Karnataka"),
(583131,"Davangere","Karnataka"),
(583218,"Bellary","Karnataka"),
(583117,"Bellary","Karnataka"),
(583136,"Bellary","Karnataka"),
(591156,"Belagavi","Karnataka"),
(591120,"Belagavi","Karnataka"),
(591114,"Belagavi","Karnataka"),
(591102,"Belagavi","Karnataka"),
(591121,"Belagavi","Karnataka"),
(585403,"Bidar","Karnataka"),
(585327,"Bidar","Karnataka"),
(591235,"Belagavi","Karnataka"),
(580118,"Dharwad","Karnataka"),
(582111,"Gadag","Karnataka"),
(582209,"Gadag","Karnataka"),
(583279,"Koppal","Karnataka"),
(582103,"Gadag","Karnataka"),
(583284,"Koppal","Karnataka"),
(582102,"Gadag","Karnataka"),
(591107,"Belagavi","Karnataka"),
(591227,"Belagavi","Karnataka"),
(591344,"Belagavi","Karnataka"),
(581148,"Haveri","Karnataka"),
(581205,"Haveri","Karnataka"),
(581108,"Haveri","Karnataka"),
(585317,"Kalaburagi","Karnataka"),
(585221,"Kalaburagi","Karnataka"),
(585202,"Kalaburagi","Karnataka"),
(585302,"Kalaburagi","Karnataka"),
(581333,"Uttara Kannada","Karnataka"),
(581317,"Uttara Kannada","Karnataka"),
(581343,"Uttara Kannada","Karnataka"),
(584125,"Raichur","Karnataka"),
(584143,"Raichur","Karnataka"),
(584122,"Raichur","Karnataka"),
(581401,"Uttara Kannada","Karnataka"),
(581340,"Uttara Kannada","Karnataka"),
(586111,"Bijapur(Kar)","Karnataka"),
(586113,"Bijapur(Kar)","Karnataka"),
(586204,"Bijapur(Kar)","Karnataka"),
(577541,"Chitradurga","Karnataka"),
(577523,"Chitradurga","Karnataka"),
(577501,"Chitradurga","Karnataka"),
(577524,"Chitradurga","Karnataka"),
(577527,"Chitradurga","Karnataka"),
(577545,"Chitradurga","Karnataka"),
(573133,"Hassan","Karnataka"),
(573121,"Hassan","Karnataka"),
(573225,"Hassan","Karnataka"),
(573102,"Hassan","Karnataka"),
(571201,"Athani","Karnataka"),
(563130,"Kolar","Karnataka"),
(562101,"Chikkaballapur","Karnataka"),
(561213,"Chikkaballapur","Karnataka"),
(563126,"Kolar","Karnataka"),
(571419,"Mandya","Karnataka"),
(571114,"Mysuru","Karnataka"),
(570026,"Mysuru","Karnataka"),
(571602,"Mysuru","Karnataka"),
(571108,"Mysuru","Karnataka"),
(571313,"Chamrajnagar","Karnataka"),
(571442,"Chamrajnagar","Karnataka"),
(571124,"Mysuru","Karnataka"),
(571126,"Chamrajnagar","Karnataka"),
(571127,"Chamrajnagar","Karnataka"),
(574253,"Dakshina Kannada","Karnataka"),
(574107,"Udupi","Karnataka"),
(574326,"Dakshina Kannada","Karnataka"),
(574244,"Udupi","Karnataka"),
(576112,"Udupi","Karnataka"),
(577202,"Shivamogga","Karnataka"),
(572117,"Tumakuru","Karnataka"),
(572201,"Tumakuru","Karnataka"),
(572218,"Tumakuru","Karnataka"),
(572119,"Tumakuru","Karnataka"),
(561202,"Tumakuru","Karnataka"),
(572114,"Tumakuru","Karnataka"),
(572222,"Tumakuru","Karnataka"),
(572106,"Tumakuru","Karnataka"),
(576283,"Udupi","Karnataka"),
(574113,"Udupi","Karnataka"),
(689711,"Pathanamthitta","Kerala"),
(690546,"Kollam","Kerala"),
(689533,"Alappuzha","Kerala"),
(689549,"Pathanamthitta","Kerala"),
(689110,"Pathanamthitta","Kerala"),
(689542,"Pathanamthitta","Kerala"),
(695304,"Thiruvananthapuram","Kerala"),
(695615,"Thiruvananthapuram","Kerala"),
(695586,"Thiruvananthapuram","Kerala"),
(695009,"Thiruvananthapuram","Kerala"),
(695523,"Thiruvananthapuram","Kerala"),
(695541,"Thiruvananthapuram","Kerala"),
(670511,"Kasargod","Kerala"),
(670302,"Kannur","Kerala"),
(670611,"Kannur","Kerala"),
(671326,"Kasargod","Kerala"),
(676523,"Malappuram","Kerala"),
(676505,"Malappuram","Kerala"),
(679322,"Malappuram","Kerala"),
(679534,"Palakkad","Kerala"),
(678508,"Palakkad","Kerala"),
(670643,"Kannur","Kerala"),
(670691,"Kannur","Kerala"),
(676562,"Malappuram","Kerala"),
(676301,"Malappuram","Kerala"),
(673507,"Kozhikode","Kerala"),
(673104,"Kozhikode","Kerala"),
(673103,"Kozhikode","Kerala"),
(673506,"Kozhikode","Kerala"),
(688527,"Alappuzha","Kerala"),
(685595,"Idukki","Kerala"),
(685562,"Idukki","Kerala"),
(685533,"Idukki","Kerala"),
(680702,"Thrissur","Kerala"),
(680317,"Thrissur","Kerala"),
(680741,"Thrissur","Kerala"),
(680733,"Thrissur","Kerala"),
(686004,"Kottayam","Kerala"),
(686636,"Kottayam","Kerala"),
(690106,"Alappuzha","Kerala"),
(690108,"Alappuzha","Kerala"),
(680569,"Thrissur","Kerala"),
(680510,"Thrissur","Kerala"),
(680751,"Thrissur","Kerala"),
(680306,"Thrissur","Kerala"),
(680004,"Thrissur","Kerala"),
(481115,"Balaghat","Madhya Pradesh"),
(480990,"Seoni","Madhya Pradesh"),
(481331,"Balaghat","Madhya Pradesh"),
(481332,"Balaghat","Madhya Pradesh"),
(471313,"Chhatarpur","Madhya Pradesh"),
(471315,"Chhatarpur","Madhya Pradesh"),
(488050,"Panna","Madhya Pradesh"),
(471405,"Chhatarpur","Madhya Pradesh"),
(472221,"Tikamgarh","Madhya Pradesh"),
(488220,"Chhatarpur","Madhya Pradesh"),
(472118,"Tikamgarh","Madhya Pradesh"),
(460551,"Betul","Madhya Pradesh"),
(480441,"Chhindwara","Madhya Pradesh"),
(461116,"Hoshangabad","Madhya Pradesh"),
(461228,"Harda","Madhya Pradesh"),
(461661,"Hoshangabad","Madhya Pradesh"),
(486441,"Rewa","Madhya Pradesh"),
(486114,"Rewa","Madhya Pradesh"),
(486226,"Rewa","Madhya Pradesh"),
(485001,"Satna","Madhya Pradesh"),
(486331,"Rewa","Madhya Pradesh"),
(470673,"Damoh","Madhya Pradesh"),
(470675,"Damoh","Madhya Pradesh"),
(470881,"Damoh","Madhya Pradesh"),
(470001,"Sagar","Madhya Pradesh"),
(470120,"Sagar","Madhya Pradesh"),
(470335,"Sagar","Madhya Pradesh"),
(484330,"Anuppur","Madhya Pradesh"),
(486887,"Singrauli","Madhya Pradesh"),
(484110,"Shahdol","Madhya Pradesh"),
(484551,"Umaria","Madhya Pradesh"),
(484776,"Shahdol","Madhya Pradesh"),
(464111,"Vidisha","Madhya Pradesh"),
(464114,"Vidisha","Madhya Pradesh"),
(464228,"Vidisha","Madhya Pradesh"),
(473287,"Guna","Madhya Pradesh"),
(473774,"Shivpuri","Madhya Pradesh"),
(473115,"Guna","Madhya Pradesh"),
(475682,"Datia","Madhya Pradesh"),
(475115,"Gwalior","Madhya Pradesh"),
(475661,"Datia","Madhya Pradesh"),
(475673,"Gwalior","Madhya Pradesh"),
(474020,"Gwalior","Madhya Pradesh"),
(452016,"Indore","Madhya Pradesh"),
(454773,"Dhar","Madhya Pradesh"),
(455440,"Dewas","Madhya Pradesh"),
(455001,"Dewas","Madhya Pradesh"),
(455115,"Dewas","Madhya Pradesh"),
(483331,"Katni","Madhya Pradesh"),
(483222,"Jabalpur","Madhya Pradesh"),
(483053,"Jabalpur","Madhya Pradesh"),
(483110,"Jabalpur","Madhya Pradesh"),
(483770,"Katni","Madhya Pradesh"),
(483990,"Katni","Madhya Pradesh"),
(451113,"Khargone","Madhya Pradesh"),
(451770,"Khargone","Madhya Pradesh"),
(451551,"Barwani","Madhya Pradesh"),
(451441,"Khargone","Madhya Pradesh"),
(450445,"Burhanpur","Madhya Pradesh"),
(458441,"Neemuch","Madhya Pradesh"),
(477447,"Bhind","Madhya Pradesh"),
(477441,"Bhind","Madhya Pradesh"),
(476111,"Morena","Madhya Pradesh"),
(457550,"Ratlam","Madhya Pradesh"),
(457990,"Alirajpur","Madhya Pradesh"),
(457441,"Ratlam","Madhya Pradesh"),
(457001,"Ratlam","Madhya Pradesh"),
(466116,"Sehore","Madhya Pradesh"),
(466115,"Sehore","Madhya Pradesh"),
(465683,"Rajgarh","Madhya Pradesh"),
(465693,"Rajgarh","Madhya Pradesh"),
(465689,"Rajgarh","Madhya Pradesh"),
(465674,"Rajgarh","Madhya Pradesh"),
(465110,"Shajapur","Madhya Pradesh"),
(465001,"Shajapur","Madhya Pradesh"),
(465226,"Ujjain","Madhya Pradesh"),
(465333,"Shajapur","Madhya Pradesh"),
(456006,"Ujjain","Madhya Pradesh"),
(465447,"Agar Malwa","Madhya Pradesh"),
(481665,"Mandla","Madhya Pradesh"),
(481661,"Mandla","Madhya Pradesh"),
(431115,"Aurangabad","Maharashtra"),
(431134,"Aurangabad","Maharashtra"),
(431207,"Jalna","Maharashtra"),
(423701,"Aurangabad","Maharashtra"),
(431116,"Aurangabad","Maharashtra"),
(431213,"Jalna","Maharashtra"),
(414204,"Beed","Maharashtra"),
(431130,"Beed","Maharashtra"),
(431515,"Beed","Maharashtra"),
(431153,"Beed","Maharashtra"),
(424204,"Jalgaon","Maharashtra"),
(425301,"Jalgaon","Maharashtra"),
(425310,"Jalgaon","Maharashtra"),
(424308,"Dhule","Maharashtra"),
(425428,"Dhule","Maharashtra"),
(425405,"Dhule","Maharashtra"),
(424101,"Jalgaon","Maharashtra"),
(425402,"Jalgaon","Maharashtra"),
(431803,"Nanded","Maharashtra"),
(431809,"Nanded","Maharashtra"),
(431708,"Nanded","Maharashtra"),
(431707,"Nanded","Maharashtra"),
(431719,"Nanded","Maharashtra"),
(431723,"Nanded","Maharashtra"),
(431807,"Nanded","Maharashtra"),
(413602,"Osmanabad","Maharashtra"),
(413544,"Latur","Maharashtra"),
(413527,"Latur","Maharashtra"),
(413522,"Latur","Maharashtra"),
(413582,"Osmanabad","Maharashtra"),
(413623,"Osmanabad","Maharashtra"),
(431402,"Parbhani","Maharashtra"),
(431511,"Parbhani","Maharashtra"),
(431503,"Parbhani","Maharashtra"),
(403107,"South Goa","Goa"),
(403507,"North Goa","Goa"),
(403703,"South Goa","Goa"),
(403517,"North Goa","Goa"),
(416229,"Kolhapur","Maharashtra"),
(415709,"Ratnagiri","Maharashtra"),
(416704,"Raigarh(Mh)","Maharashtra"),
(415727,"Ratnagiri","Maharashtra"),
(416702,"Ratnagiri","Maharashtra"),
(415730,"Ratnagiri","Maharashtra"),
(415712,"Ratnagiri","Maharashtra"),
(415710,"Ratnagiri","Maharashtra"),
(415602,"Ratnagiri","Maharashtra"),
(415702,"Ratnagiri","Maharashtra"),
(416309,"Sangli","Maharashtra"),
(415311,"Sangli","Maharashtra"),
(416408,"Sangli","Maharashtra"),
(415304,"Sangli","Maharashtra"),
(415411,"Sangli","Maharashtra"),
(416415,"Sangli","Maharashtra"),
(416518,"Sindhudurg","Maharashtra"),
(416810,"Sindhudurg","Maharashtra"),
(400056,"Mumbai Subueban","Maharashtra"),
(400096,"Mumbai Subueban","Maharashtra"),
(400089,"Mumbai","Maharashtra"),
(400102,"Mumbai Subueban","Maharashtra"),
(444101,"Akola","Maharashtra"),
(444403,"Washim","Maharashtra"),
(444102,"Akola","Maharashtra"),
(444105,"Washim","Maharashtra"),
(444104,"Akola","Maharashtra"),
(444409,"Washim","Maharashtra"),
(444908,"Amravati","Maharashtra"),
(444906,"Amravati","Maharashtra"),
(444706,"Amravati","Maharashtra"),
(443202,"Buldhana","Maharashtra"),
(443102,"Buldhana","Maharashtra"),
(444202,"Buldhana","Maharashtra"),
(442904,"Chandrapur","Maharashtra"),
(441209,"Gadchiroli","Maharashtra"),
(442505,"Chandrapur","Maharashtra"),
(441901,"Gondia","Maharashtra"),
(441701,"Gondia","Maharashtra"),
(441801,"Gondia","Maharashtra"),
(441601,"Gondia","Maharashtra"),
(442104,"Wardha","Maharashtra"),
(445304,"Yavatmal","Maharashtra"),
(445201,"Yavatmal","Maharashtra"),
(445204,"Yavatmal","Maharashtra"),
(423105,"Malegaon","Maharashtra"),
(424109,"Malegaon","Maharashtra"),
(423401,"Malegaon","Maharashtra"),
(423302,"Malegaon","Maharashtra"),
(422213,"Nashik","Maharashtra"),
(422221,"Nashik","Maharashtra"),
(422211,"Nashik","Maharashtra"),
(422212,"Nashik","Maharashtra"),
(401101,"Palghar","Maharashtra"),
(401602,"Palghar","Maharashtra"),
(421303,"Palghar","Maharashtra"),
(401603,"Palghar","Maharashtra"),
(402102,"Raigarh","Maharashtra"),
(402103,"Raigarh","Maharashtra"),
(402110,"Raigarh","Maharashtra"),
(421403,"Thane","Maharashtra"),
(414002,"Ahmed Nagar","Maharashtra"),
(414103,"Ahmed Nagar","Maharashtra"),
(413201,"Ahmed Nagar","Maharashtra"),
(413203,"Solapur","Maharashtra"),
(412205,"Pune","Maharashtra"),
(412305,"Pune","Maharashtra"),
(415002,"Satara","Maharashtra"),
(415014,"Satara","Maharashtra"),
(415520,"Satara","Maharashtra"),
(415004,"Satara","Maharashtra"),
(415205,"Satara","Maharashtra"),
(415312,"Satara","Maharashtra"),
(423603,"Ahmed Nagar","Maharashtra"),
(422605,"Ahmed Nagar","Maharashtra"),
(413004,"Solapur","Maharashtra"),
(413216,"Solapur","Maharashtra"),
(413222,"Solapur","Maharashtra"),
(413404,"Solapur","Maharashtra"),
(795130,"Thoubal","Manipur"),
(795131,"Chandel","Manipur"),
(795006,"Churachandpur","Manipur"),
(795113,"Imphal West","Manipur"),
(795133,"Bishnupur","Manipur"),
(795148,"Thoubal","Manipur"),
(795128,"Churachandpur","Manipur"),
(796320,"Champhai","Mizoram"),
(796181,"Serchhip","Mizoram"),
(796091,"Kolasib","Mizoram"),
(796015,"Aizawl","Mizoram"),
(797111,"Wokha","Nagaland"),
(797109,"Kohima","Nagaland"),
(798611,"Kiphire","Nagaland"),
(799115,"West Tripura","Tripura"),
(799101,"South Tripura","Tripura"),
(799012,"West Tripura","Tripura"),
(799008,"West Tripura","Tripura"),
(799212,"West Tripura","Tripura"),
(799155,"South Tripura","Tripura"),
(792110,"Lower Dibang Valley","Arunachal Pradesh"),
(791119,"Lower Subansiri","Arunachal Pradesh"),
(791001,"West Siang","Arunachal Pradesh"),
(799281,"North Tripura","Tripura"),
(799271,"North Tripura","Tripura"),
(799288,"North Tripura","Tripura"),
(794005,"West Garo Hills","Megalaya"),
(793114,"West Khasi Hills","Megalaya"),
(793150,"Jaintia Hills","Megalaya"),
(756047,"Baleswar","Odisha"),
(756036,"Baleswar","Odisha"),
(756045,"Baleswar","Odisha"),
(756049,"Baleswar","Odisha"),
(756123,"Bhadrak","Odisha"),
(752031,"Khorda","Odisha"),
(752057,"Khorda","Odisha"),
(754010,"Cuttack","Odisha"),
(753003,"Cuttack","Odisha"),
(754134,"Kendrapara","Odisha"),
(754208,"Kendrapara","Odisha"),
(755028,"Jajapur","Odisha"),
(755011,"Jajapur","Odisha"),
(755017,"Jajapur","Odisha"),
(754223,"Kendrapara","Odisha"),
(754214,"Kendrapara","Odisha"),
(755023,"Jajapur","Odisha"),
(754030,"Cuttack","Odisha"),
(754008,"Cuttack","Odisha"),
(754032,"Cuttack","Odisha"),
(757083,"Mayurbhanj","Odisha"),
(757032,"Mayurbhanj","Odisha"),
(757055,"Mayurbhanj","Odisha"),
(757025,"Mayurbhanj","Odisha"),
(757019,"Mayurbhanj","Odisha"),
(757052,"Mayurbhanj","Odisha"),
(757051,"Mayurbhanj","Odisha"),
(757079,"Mayurbhanj","Odisha"),
(752085,"Nayagarh","Odisha"),
(752077,"Nayagarh","Odisha"),
(752014,"Puri","Odisha"),
(752011,"Puri","Odisha"),
(752063,"Nayagarh","Odisha"),
(761126,"Ganjam","Odisha"),
(761109,"Ganjam","Odisha"),
(761029,"Ganjam","Odisha"),
(761026,"Ganjam","Odisha"),
(760010,"Ganjam","Odisha"),
(761002,"Ganjam","Odisha"),
(766014,"Kalahandi","Odisha"),
(766100,"Kalahandi","Odisha"),
(766023,"Kalahandi","Odisha"),
(766029,"Kalahandi","Odisha"),
(766012,"Kalahandi","Odisha"),
(766108,"Nuapada","Odisha"),
(766011,"Kalahandi","Odisha"),
(764056,"Koraput","Odisha"),
(764002,"Koraput","Odisha"),
(764059,"Nabarangapur","Odisha"),
(764021,"Koraput","Odisha"),
(764063,"Nabarangapur","Odisha"),
(762107,"Kandhamal","Odisha"),
(762100,"Kandhamal","Odisha"),
(765020,"Rayagada","Odisha"),
(765019,"Rayagada","Odisha"),
(767033,"Balangir","Odisha"),
(767026,"Balangir","Odisha"),
(767021,"Balangir","Odisha"),
(767019,"Sonapur","Odisha"),
(767065,"Balangir","Odisha"),
(759129,"Angul","Odisha"),
(759124,"Angul","Odisha"),
(759018,"Dhenkanal","Odisha"),
(759020,"Dhenkanal","Odisha"),
(759027,"Dhenkanal","Odisha"),
(759118,"Angul","Odisha"),
(758015,"Kendujhar","Odisha"),
(758017,"Kendujhar","Odisha"),
(768028,"Bargarh","Odisha"),
(768107,"Sambalpur","Odisha"),
(768037,"Bargarh","Odisha"),
(768036,"Bargarh","Odisha"),
(770037,"Sundergarh","Odisha"),
(770014,"Sundergarh","Odisha"),
(770038,"Sundergarh","Odisha"),
(770021,"Sundergarh","Odisha"),
(770052,"Sundergarh","Odisha"),
(770034,"Sundergarh","Odisha"),
(141109,"Ludhiana","Punjab"),
(141204,"Ludhiana","Punjab"),
(141417,"Ludhiana","Punjab"),
(142021,"Ludhiana","Punjab"),
(147105,"Patiala","Punjab"),
(148002,"Sangrur","Punjab"),
(148024,"Sangrur","Punjab"),
(143409,"Tarn Taran","Punjab"),
(143411,"Tarn Taran","Punjab"),
(143001,"Amritsar","Punjab"),
(143118,"Tarn Taran","Punjab"),
(143149,"Amritsar","Punjab"),
(143102,"Amritsar","Punjab"),
(143504,"Amritsar","Punjab"),
(143414,"Tarn Taran","Punjab"),
(143303,"Tarn Taran","Punjab"),
(143101,"Amritsar","Punjab"),
(143105,"Amritsar","Punjab"),
(151503,"Mansa","Punjab"),
(151507,"Mansa","Punjab"),
(151001,"Bathinda","Punjab"),
(152031,"Muktsar","Punjab"),
(152115,"Muktsar","Punjab"),
(152117,"Fazilka","Punjab"),
(142060,"Firozpur","Punjab"),
(145001,"Pathankot","Punjab"),
(143506,"Gurdaspur","Punjab"),
(145025,"Pathankot","Punjab"),
(143511,"Gurdaspur","Punjab"),
(144105,"Hoshiarpur","Punjab"),
(146022,"Hoshiarpur","Punjab"),
(144207,"Hoshiarpur","Punjab"),
(144004,"Jalandhar","Punjab"),
(144025,"Jalandhar","Punjab"),
(144702,"Jalandhar","Punjab"),
(144043,"Jalandhar","Punjab"),
(144035,"Jalandhar","Punjab"),
(301035,"Alwar","Rajasthan"),
(301406,"Alwar","Rajasthan"),
(301704,"Alwar","Rajasthan"),
(321607,"Alwar","Rajasthan"),
(321026,"Bharatpur","Rajasthan"),
(321406,"Bharatpur","Rajasthan"),
(321205,"Bharatpur","Rajasthan"),
(328026,"Dholpur","Rajasthan"),
(328029,"Dholpur","Rajasthan"),
(302012,"Jaipur","Rajasthan"),
(303903,"Jaipur","Rajasthan"),
(303006,"Jaipur","Rajasthan"),
(303901,"Jaipur","Rajasthan"),
(303804,"Jaipur","Rajasthan"),
(303601,"Jaipur","Rajasthan"),
(303005,"Jaipur","Rajasthan"),
(303121,"Jaipur","Rajasthan"),
(303008,"Jaipur","Rajasthan"),
(322230,"Karauli","Rajasthan"),
(322025,"Sawai Madhopur","Rajasthan"),
(321610,"Karauli","Rajasthan"),
(305811,"Ajmer","Rajasthan"),
(305801,"Ajmer","Rajasthan"),
(305628,"Ajmer","Rajasthan"),
(311404,"Bhilwara","Rajasthan"),
(311001,"Bhilwara","Rajasthan"),
(311802,"Bhilwara","Rajasthan"),
(311408,"Bhilwara","Rajasthan"),
(311803,"Bhilwara","Rajasthan"),
(311407,"Bhilwara","Rajasthan"),
(311403,"Bhilwara","Rajasthan"),
(311601,"Bhilwara","Rajasthan"),
(311011,"Bhilwara","Rajasthan"),
(312620,"Chittorgarh","Rajasthan"),
(312901,"Chittorgarh","Rajasthan"),
(312623,"Pratapghar","Rajasthan"),
(314027,"Dungarpur","Rajasthan"),
(327001,"Banswara","Rajasthan"),
(327027,"Banswara","Rajasthan"),
(327601,"Banswara","Rajasthan"),
(314022,"Dungarpur","Rajasthan"),
(326516,"Jhalawar","Rajasthan"),
(325215,"Baran","Rajasthan"),
(304024,"Tonk","Rajasthan"),
(304504,"Tonk","Rajasthan"),
(304025,"Tonk","Rajasthan"),
(304803,"Tonk","Rajasthan"),
(323801,"Bundi","Rajasthan"),
(323021,"Bundi","Rajasthan"),
(313902,"Udaipur","Rajasthan"),
(313603,"Udaipur","Rajasthan"),
(313703,"Udaipur","Rajasthan"),
(313205,"Udaipur","Rajasthan"),
(313601,"Udaipur","Rajasthan"),
(313704,"Udaipur","Rajasthan"),
(313324,"Udaipur","Rajasthan"),
(344706,"Barmer","Rajasthan"),
(334601,"Bikaner","Rajasthan"),
(334302,"Bikaner","Rajasthan"),
(331803,"Bikaner","Rajasthan"),
(334001,"Bikaner","Rajasthan"),
(334803,"Bikaner","Rajasthan"),
(331305,"Churu","Rajasthan"),
(331031,"Churu","Rajasthan"),
(333011,"Jhujhunu","Rajasthan"),
(333033,"Jhujhunu","Rajasthan"),
(342801,"Jodhpur","Rajasthan"),
(341303,"Nagaur","Rajasthan"),
(341513,"Nagaur","Rajasthan"),
(341317,"Nagaur","Rajasthan"),
(306114,"Pali","Rajasthan"),
(306103,"Pali","Rajasthan"),
(332001,"Sikar","Rajasthan"),
(332742,"Sikar","Rajasthan"),
(332705,"Sikar","Rajasthan"),
(332602,"Sikar","Rajasthan"),
(332721,"Sikar","Rajasthan"),
(307029,"Jalor","Rajasthan"),
(307022,"Sirohi","Rajasthan"),
(335038,"Sri Ganganagar","Rajasthan"),
(335021,"Sri Ganganagar","Rajasthan"),
(335073,"Sri Ganganagar","Rajasthan"),
(335062,"Sri Ganganagar","Rajasthan"),
(335063,"Hanumangarh","Rajasthan"),
(335701,"Sri Ganganagar","Rajasthan"),
(335065,"Hanumangarh","Rajasthan"),
(335524,"Hanumangarh","Rajasthan"),
(335511,"Hanumangarh","Rajasthan"),
(608001,"Cuddalore","Tamil Nadu"),
(608305,"Cuddalore","Tamil Nadu"),
(607101,"Cuddalore","Tamil Nadu"),
(607301,"Cuddalore","Tamil Nadu"),
(621311,"Karur","Tamil Nadu"),
(621301,"Karur","Tamil Nadu"),
(639004,"Karur","Tamil Nadu"),
(639117,"Karur","Tamil Nadu"),
(621305,"Tiruchirappalli","Tamil Nadu"),
(612105,"Thanjavur","Tamil Nadu"),
(609802,"Nagapattinam","Tamil Nadu"),
(609808,"Nagapattinam","Tamil Nadu"),
(609311,"Nagapattinam","Tamil Nadu"),
(609001,"Nagapattinam","Tamil Nadu"),
(611108,"Nagapattinam","Tamil Nadu"),
(610201,"Tiruvarur","Tamil Nadu"),
(610001,"Tiruvarur","Tamil Nadu"),
(614612,"Thanjavur","Tamil Nadu"),
(614905,"Thanjavur","Tamil Nadu"),
(614616,"Pudukkottai","Tamil Nadu"),
(612804,"Tiruvarur","Tamil Nadu"),
(614101,"Tiruvarur","Tamil Nadu"),
(614019,"Tiruvarur","Tamil Nadu"),
(614210,"Thanjavur","Tamil Nadu"),
(621702,"Tiruchirappalli","Tamil Nadu"),
(621719,"Ariyalur","Tamil Nadu"),
(621805,"Ariyalur","Tamil Nadu"),
(605802,"Villupuram","Tamil Nadu"),
(606304,"Cuddalore","Tamil Nadu"),
(606301,"Villupuram","Tamil Nadu"),
(606206,"Villupuram","Tamil Nadu"),
(606207,"Villupuram","Tamil Nadu"),
(632506,"Vellore","Tamil Nadu"),
(632503,"Vellore","Tamil Nadu"),
(600039,"Chennai","Tamil Nadu"),
(600091,"Kanchipuram","Tamil Nadu"),
(631606,"Kanchipuram","Tamil Nadu"),
(604202,"Villupuram","Tamil Nadu"),
(604208,"Villupuram","Tamil Nadu"),
(605109,"Villupuram","Tamil Nadu"),
(604503,"Tiruvannamalai","Tamil Nadu"),
(632311,"Tiruvannamalai","Tamil Nadu"),
(606908,"Tiruvannamalai","Tamil Nadu"),
(604405,"Tiruvannamalai","Tamil Nadu"),
(606755,"Tiruvannamalai","Tamil Nadu"),
(606904,"Tiruvannamalai","Tamil Nadu"),
(606803,"Tiruvannamalai","Tamil Nadu"),
(606706,"Tiruvannamalai","Tamil Nadu"),
(632103,"Vellore","Tamil Nadu"),
(624302,"Dindigul","Tamil Nadu"),
(629177,"Kanyakumari","Tamil Nadu"),
(629851,"Kanyakumari","Tamil Nadu"),
(629159,"Kanyakumari","Tamil Nadu"),
(629157,"Kanyakumari","Tamil Nadu"),
(629171,"Kanyakumari","Tamil Nadu"),
(630107,"Sivaganga","Tamil Nadu"),
(627859,"Tirunelveli","Tamil Nadu"),
(627753,"Tirunelveli","Tamil Nadu"),
(625009,"Madurai","Tamil Nadu"),
(623608,"Ramanathapuram","Tamil Nadu"),
(623603,"Ramanathapuram","Tamil Nadu"),
(623533,"Ramanathapuram","Tamil Nadu"),
(625524,"Theni","Tamil Nadu"),
(627426,"Tirunelveli","Tamil Nadu"),
(628701,"Tuticorin","Tamil Nadu"),
(628203,"Tuticorin","Tamil Nadu"),
(628753,"Tuticorin","Tamil Nadu"),
(626124,"Virudhunagar","Tamil Nadu"),
(626203,"Virudhunagar","Tamil Nadu"),
(641110,"Coimbatore","Tamil Nadu"),
(636902,"Dharmapuri","Tamil Nadu"),
(636904,"Dharmapuri","Tamil Nadu"),
(635303,"Dharmapuri","Tamil Nadu"),
(638151,"Erode","Tamil Nadu"),
(638458,"Erode","Tamil Nadu"),
(638315,"Erode","Tamil Nadu"),
(638109,"Erode","Tamil Nadu"),
(638103,"Tiruppur","Tamil Nadu"),
(638056,"Erode","Tamil Nadu"),
(635107,"Krishnagiri","Tamil Nadu"),
(637214,"Namakkal","Tamil Nadu"),
(637017,"Namakkal","Tamil Nadu"),
(638008,"Namakkal","Tamil Nadu"),
(638183,"Namakkal","Tamil Nadu"),
(637003,"Namakkal","Tamil Nadu"),
(637206,"Namakkal","Tamil Nadu"),
(637107,"Salem","Tamil Nadu"),
(637202,"Namakkal","Tamil Nadu"),
(637205,"Namakkal","Tamil Nadu"),
(642002,"Coimbatore","Tamil Nadu"),
(642104,"Coimbatore","Tamil Nadu"),
(636114,"Salem","Tamil Nadu"),
(637501,"Salem","Tamil Nadu"),
(636142,"Namakkal","Tamil Nadu"),
(636104,"Salem","Tamil Nadu"),
(636116,"Salem","Tamil Nadu"),
(636002,"Salem","Tamil Nadu"),
(636301,"Namakkal","Tamil Nadu"),
(635811,"Vellore","Tamil Nadu"),
(635754,"Vellore","Tamil Nadu"),
(638401,"Erode","Tamil Nadu"),
(638106,"Tiruppur","Tamil Nadu"),
(641667,"Tiruppur","Tamil Nadu"),
(500091,"Hyderabad","Telangana"),
(502278,"Siddipet","Telangana"),
(502307,"Sangareddy","Telangana"),
(502318,"Sangareddy","Telangana"),
(502273,"Sangareddy","Telangana"),
(501301,"Hyderabad","Telangana"),
(501503,"Rangareddy","Telangana"),
(501102,"Vikarabad","Telangana"),
(501401,"Hyderabad","Telangana"),
(501501,"Rangareddy","Telangana"),
(504201,"Mancherial","Telangana"),
(504215,"Mancherial","Telangana"),
(504101,"Nirmal","Telangana"),
(504207,"Mancherial","Telangana"),
(504106,"Nirmal","Telangana"),
(504313,"Adilabad","Telangana"),
(504209,"Mancherial","Telangana"),
(506349,"Warangal","Telangana"),
(506009,"Warangal","Telangana"),
(506224,"Warangal","Telangana"),
(506367,"Warangal","Telangana"),
(507168,"Khammam","Telangana"),
(507158,"Khammam","Telangana"),
(507210,"Khammam","Telangana"),
(507208,"Khammam","Telangana"),
(507124,"Kothagudem Colls","Telangana"),
(509409,"Mahabub Nagar","Telangana"),
(509131,"Wanaparthy","Telangana"),
(508117,"Bhongir","Telangana"),
(508255,"Nalgonda","Telangana"),
(503101,"Kamareddy","Telangana"),
(503175,"Nizamabad","Telangana"),
(503110,"Kamareddy","Telangana"),
(503187,"Nizamabad","Telangana"),
(503114,"Kamareddy","Telangana"),
(503305,"Kamareddy","Telangana"),
(503218,"Nizamabad","Telangana"),
(503225,"Nizamabad","Telangana"),
(503212,"Nizamabad","Telangana"),
(503246,"Nizamabad","Telangana"),
(505184,"Peddapalli","Telangana"),
(505503,"Karim Nagar","Telangana"),
(508233,"Suryapet","Telangana"),
(508214,"Suryapet","Telangana"),
(508279,"Suryapet","Telangana"),
(508213,"Suryapet","Telangana"),
(508201,"Suryapet","Telangana"),
(509302,"Mahabub Nagar","Telangana"),
(509120,"Wanaparthy","Telangana"),
(509201,"Nagar Kurnool","Telangana"),
(506324,"Warangal","Telangana"),
(506315,"Warangal","Telangana"),
(506112,"Warangal","Telangana"),
(283126,"Agra","Uttar Pradesh"),
(283104,"Agra","Uttar Pradesh"),
(202001,"Aligarh","Uttar Pradesh"),
(204215,"Aligarh","Uttar Pradesh"),
(202170,"Aligarh","Uttar Pradesh"),
(204211,"Hathras","Uttar Pradesh"),
(202140,"Aligarh","Uttar Pradesh"),
(202280,"Aligarh","Uttar Pradesh"),
(202155,"Aligarh","Uttar Pradesh"),
(203395,"Bulandshahr","Uttar Pradesh"),
(203391,"Bulandshahr","Uttar Pradesh"),
(203408,"Bulandshahr","Uttar Pradesh"),
(203141,"Bulandshahr","Uttar Pradesh"),
(203129,"Bulandshahr","Uttar Pradesh"),
(203411,"Bulandshahr","Uttar Pradesh"),
(207002,"Etah","Uttar Pradesh"),
(207123,"Kanshiram Nagar","Uttar Pradesh"),
(207003,"Etah","Uttar Pradesh"),
(207243,"Kanshiram Nagar","Uttar Pradesh"),
(206247,"Auraiya","Uttar Pradesh"),
(206253,"Etawah","Uttar Pradesh"),
(206126,"Etawah","Uttar Pradesh"),
(285001,"Jalaun","Uttar Pradesh"),
(285129,"Jalaun","Uttar Pradesh"),
(285201,"Jalaun","Uttar Pradesh"),
(283141,"Firozabad","Uttar Pradesh"),
(283206,"Firozabad","Uttar Pradesh"),
(205265,"Mainpuri","Uttar Pradesh"),
(205304,"Mainpuri","Uttar Pradesh"),
(205264,"Mainpuri","Uttar Pradesh"),
(281306,"Hathras","Uttar Pradesh"),
(281204,"Mathura","Uttar Pradesh"),
(212106,"Allahabad","Uttar Pradesh"),
(212401,"Allahabad","Uttar Pradesh"),
(212202,"Kaushambi","Uttar Pradesh"),
(233002,"Ghazipur","Uttar Pradesh"),
(232331,"Ghazipur","Uttar Pradesh"),
(233226,"Ghazipur","Uttar Pradesh"),
(231305,"Mirzapur","Uttar Pradesh"),
(231307,"Mirzapur","Uttar Pradesh"),
(230141,"Pratapgarh","Uttar Pradesh"),
(230127,"Pratapgarh","Uttar Pradesh"),
(230125,"Pratapgarh","Uttar Pradesh"),
(222301,"Sultanpur","Uttar Pradesh"),
(228121,"Sultanpur","Uttar Pradesh"),
(228141,"Sultanpur","Uttar Pradesh"),
(227801,"Amethi","Uttar Pradesh"),
(243503,"Bareilly","Uttar Pradesh"),
(243302,"Bareilly","Uttar Pradesh"),
(262201,"Pilibhit","Uttar Pradesh"),
(262406,"Bareilly","Uttar Pradesh"),
(246721,"Bijnor","Uttar Pradesh"),
(246745,"Bijnor","Uttar Pradesh"),
(246701,"Bijnor","Uttar Pradesh"),
(246763,"Bijnor","Uttar Pradesh"),
(243632,"Budaun","Uttar Pradesh"),
(243637,"Budaun","Uttar Pradesh"),
(241125,"Hardoi","Uttar Pradesh"),
(241302,"Hardoi","Uttar Pradesh"),
(241123,"Hardoi","Uttar Pradesh"),
(241305,"Hardoi","Uttar Pradesh"),
(241204,"Hardoi","Uttar Pradesh"),
(241303,"Hardoi","Uttar Pradesh"),
(241124,"Hardoi","Uttar Pradesh"),
(262723,"Kheri","Uttar Pradesh"),
(261502,"Kheri","Uttar Pradesh"),
(262908,"Kheri","Uttar Pradesh"),
(262905,"Kheri","Uttar Pradesh"),
(250001,"Meerut","Uttar Pradesh"),
(250101,"Bagpat","Uttar Pradesh"),
(244921,"Rampur","Uttar Pradesh"),
(244411,"Moradabad","Uttar Pradesh"),
(244928,"Rampur","Uttar Pradesh"),
(244102,"Amroha","Uttar Pradesh"),
(244304,"Sambhal","Uttar Pradesh"),
(247774,"Muzaffarnagar","Uttar Pradesh"),
(247231,"Saharanpur","Uttar Pradesh"),
(247662,"Saharanpur","Uttar Pradesh"),
(242042,"Shahjahanpur","Uttar Pradesh"),
(242401,"Shahjahanpur","Uttar Pradesh"),
(242123,"Shahjahanpur","Uttar Pradesh"),
(276405,"Mau","Uttar Pradesh"),
(276131,"Azamgarh","Uttar Pradesh"),
(275305,"Mau","Uttar Pradesh"),
(276129,"Mau","Uttar Pradesh"),
(276301,"Azamgarh","Uttar Pradesh"),
(221706,"Mau","Uttar Pradesh"),
(276123,"Azamgarh","Uttar Pradesh"),
(271802,"Bahraich","Uttar Pradesh"),
(271875,"Bahraich","Uttar Pradesh"),
(271865,"Bahraich","Uttar Pradesh"),
(271840,"Shrawasti","Uttar Pradesh"),
(272125,"Sant Kabir Nagar","Uttar Pradesh"),
(272164,"Sant Kabir Nagar","Uttar Pradesh"),
(272271,"Sant Kabir Nagar","Uttar Pradesh"),
(272154,"Sant Kabir Nagar","Uttar Pradesh"),
(272131,"Basti","Uttar Pradesh"),
(272165,"Sant Kabir Nagar","Uttar Pradesh"),
(274201,"Deoria","Uttar Pradesh"),
(274202,"Deoria","Uttar Pradesh"),
(274806,"Deoria","Uttar Pradesh"),
(274203,"Deoria","Uttar Pradesh"),
(274505,"Deoria","Uttar Pradesh"),
(271307,"Gonda","Uttar Pradesh"),
(271309,"Gonda","Uttar Pradesh"),
(271302,"Gonda","Uttar Pradesh"),
(271208,"Balrampur","Uttar Pradesh"),
(271601,"Gonda","Uttar Pradesh"),
(271124,"Gonda","Uttar Pradesh"),
(271502,"Gonda","Uttar Pradesh"),
(271215,"Balrampur","Uttar Pradesh"),
(273161,"Maharajganj","Uttar Pradesh"),
(273411,"Gorakhpur","Uttar Pradesh"),
(273213,"Gorakhpur","Uttar Pradesh"),
(273301,"Gorakhpur","Uttar Pradesh"),
(273209,"Gorakhpur","Uttar Pradesh"),
(273164,"Maharajganj","Uttar Pradesh"),
(273015,"Gorakhpur","Uttar Pradesh"),
(273155,"Maharajganj","Uttar Pradesh"),
(273212,"Gorakhpur","Uttar Pradesh"),
(273152,"Gorakhpur","Uttar Pradesh"),
(273158,"Gorakhpur","Uttar Pradesh"),
(210126,"Banda","Uttar Pradesh"),
(210505,"Hamirpur","Uttar Pradesh"),
(210129,"Banda","Uttar Pradesh"),
(209733,"Kannauj","Uttar Pradesh"),
(209729,"Kannauj","Uttar Pradesh"),
(209652,"Farrukhabad","Uttar Pradesh"),
(209501,"Farrukhabad","Uttar Pradesh"),
(212620,"Fatehpur","Uttar Pradesh"),
(212601,"Fatehpur","Uttar Pradesh"),
(208001,"Kanpur Nagar","Uttar Pradesh"),
(209867,"Unnao","Uttar Pradesh"),
(209831,"Unnao","Uttar Pradesh"),
(209310,"Kanpur Dehat","Uttar Pradesh"),
(209870,"Unnao","Uttar Pradesh"),
(209311,"Kanpur Dehat","Uttar Pradesh"),
(225204,"Barabanki","Uttar Pradesh"),
(225414,"Barabanki","Uttar Pradesh"),
(225405,"Barabanki","Uttar Pradesh"),
(225415,"Barabanki","Uttar Pradesh"),
(225208,"Barabanki","Uttar Pradesh"),
(224126,"Faizabad","Uttar Pradesh"),
(224206,"Faizabad","Uttar Pradesh"),
(224159,"Ambedkar Nagar","Uttar Pradesh"),
(224001,"Faizabad","Uttar Pradesh"),
(224230,"Ambedkar Nagar","Uttar Pradesh"),
(224121,"Faizabad","Uttar Pradesh"),
(224129,"Ambedkar Nagar","Uttar Pradesh"),
(224203,"Faizabad","Uttar Pradesh"),
(245304,"Ghaziabad","Uttar Pradesh"),
(201102,"Ghaziabad","Uttar Pradesh"),
(201002,"Ghaziabad","Uttar Pradesh"),
(226104,"Lucknow","Uttar Pradesh"),
(226004,"Lucknow","Uttar Pradesh"),
(226001,"Lucknow","Uttar Pradesh"),
(226501,"Lucknow","Uttar Pradesh"),
(226027,"Lucknow","Uttar Pradesh"),
(229201,"Raebareli","Uttar Pradesh"),
(229216,"Raebareli","Uttar Pradesh"),
(229309,"Raebareli","Uttar Pradesh"),
(229001,"Raebareli","Uttar Pradesh"),
(229301,"Raebareli","Uttar Pradesh"),
(229121,"Raebareli","Uttar Pradesh"),
(261207,"Sitapur","Uttar Pradesh"),
(261141,"Sitapur","Uttar Pradesh"),
(261135,"Sitapur","Uttar Pradesh"),
(221717,"Ballia","Uttar Pradesh"),
(221718,"Ballia","Uttar Pradesh"),
(277204,"Ballia","Uttar Pradesh"),
(222136,"Jaunpur","Uttar Pradesh"),
(222137,"Jaunpur","Uttar Pradesh"),
(223102,"Jaunpur","Uttar Pradesh"),
(221104,"Varanasi","Uttar Pradesh"),
(232101,"Chandauli","Uttar Pradesh"),
(232118,"Varanasi","Uttar Pradesh"),
(221106,"Varanasi","Uttar Pradesh"),
(221206,"Varanasi","Uttar Pradesh"),
(221202,"Varanasi","Uttar Pradesh"),
(221306,"Varanasi","Uttar Pradesh"),
(263653,"Almora","Uttarakhand"),
(263656,"Almora","Uttarakhand"),
(246439,"Rudraprayag","Uttarakhand"),
(249403,"Haridwar","Uttarakhand"),
(244716,"Nainital","Uttarakhand"),
(263140,"Nainital","Uttarakhand"),
(263157,"Nainital","Uttarakhand"),
(262401,"Nainital","Uttarakhand"),
(263134,"Nainital","Uttarakhand"),
(246179,"Pauri Garhwal","Uttarakhand"),
(246162,"Pauri Garhwal","Uttarakhand"),
(246147,"Pauri Garhwal","Uttarakhand"),
(262521,"Pithoragarh","Uttarakhand"),
(262525,"Champawat","Uttarakhand"),
(262523,"Champawat","Uttarakhand"),
(249146,"Tehri Garhwal","Uttarakhand"),
(249186,"Tehri Garhwal","Uttarakhand"),
(249199,"Tehri Garhwal","Uttarakhand"),
(249130,"Uttarkashi","Uttarakhand"),
(744302,"Nicobar","Andaman And Nico.In."),
(743273,"North 24 Parganas","West Bengal"),
(743446,"North 24 Parganas","West Bengal"),
(743247,"North 24 Parganas","West Bengal"),
(731126,"Birbhum","West Bengal"),
(731204,"Birbhum","West Bengal"),
(731236,"Birbhum","West Bengal"),
(700090,"Kolkata","West Bengal"),
(742202,"Murshidabad","West Bengal"),
(742168,"Murshidabad","West Bengal"),
(742148,"Murshidabad","West Bengal"),
(742138,"Murshidabad","West Bengal"),
(742133,"Murshidabad","West Bengal"),
(742135,"Murshidabad","West Bengal"),
(742308,"Murshidabad","West Bengal"),
(742184,"Murshidabad","West Bengal"),
(742159,"Murshidabad","West Bengal"),
(742405,"Murshidabad","West Bengal"),
(741165,"Nadia","West Bengal"),
(741302,"Nadia","West Bengal"),
(741504,"Nadia","West Bengal"),
(741503,"Nadia","West Bengal"),
(700121,"North 24 Parganas","West Bengal"),
(743133,"North 24 Parganas","West Bengal"),
(700049,"North 24 Parganas","West Bengal"),
(700061,"Kolkata","West Bengal"),
(743373,"South 24 Parganas","West Bengal"),
(743372,"South 24 Parganas","West Bengal"),
(743338,"South 24 Parganas","West Bengal"),
(736133,"Cooch Behar","West Bengal"),
(736202,"Jalpaiguri","West Bengal"),
(736169,"Cooch Behar","West Bengal"),
(734427,"Darjiling","West Bengal"),
(734226,"Darjiling","West Bengal"),
(734010,"Darjiling","West Bengal"),
(734311,"Darjiling","West Bengal"),
(733210,"North Dinajpur","West Bengal"),
(733208,"North Dinajpur","West Bengal"),
(733132,"South Dinajpur","West Bengal"),
(733127,"South Dinajpur","West Bengal"),
(735301,"Jalpaiguri","West Bengal"),
(735211,"Jalpaiguri","West Bengal"),
(735222,"Jalpaiguri","West Bengal"),
(732202,"Malda","West Bengal"),
(732124,"Malda","West Bengal"),
(732139,"Malda","West Bengal"),
(732102,"Malda","West Bengal"),
(732101,"Malda","West Bengal"),
(713322,"Bardhaman","West Bengal"),
(722122,"Bankura","West Bengal"),
(722153,"Bankura","West Bengal"),
(713153,"Bardhaman","West Bengal"),
(721454,"East Midnapore","West Bengal"),
(721438,"East Midnapore","West Bengal"),
(721446,"East Midnapore","West Bengal"),
(721420,"West Midnapore","West Bengal"),
(721431,"East Midnapore","West Bengal"),
(721451,"West Midnapore","West Bengal"),
(712611,"Hooghly","West Bengal"),
(712416,"Hooghly","West Bengal"),
(712410,"Hooghly","West Bengal"),
(711316,"Howrah","West Bengal"),
(711303,"Howrah","West Bengal"),
(711401,"Howrah","West Bengal"),
(721301,"West Midnapore","West Bengal"),
(721125,"West Midnapore","West Bengal"),
(721242,"West Midnapore","West Bengal"),
(721143,"West Midnapore","West Bengal"),
(721133,"West Midnapore","West Bengal"),
(721149,"West Midnapore","West Bengal"),
(721153,"East Midnapore","West Bengal"),
(721139,"East Midnapore","West Bengal"),
(721152,"East Midnapore","West Bengal");

INSERT INTO Users VALUES
                      (1,'Amit', 'Kumar', 9876543210, 'amit.kumar@example.com', "$2a$10$zklYPzgIRUUsWEUYwvgHZeGZKgYjQLK3p30.yEWAPery9NV0mzsQO"),
                      (2,'Rajesh', 'Sharma', 9876543211, 'rajesh.sharma@example.com', "$2a$10$.WtO.JAoaKCxyiDNT4ecD.J/SeSD0LyPQ85VCUOn5t2yivGz1Fk.S"),
                      (3,'Priya', 'Patel', 9876543212, 'priya.patel@example.com', "$2a$10$daKX4I9vxvrIInBZfRLw..WE3HoVTwoLeOoFG4HRNVOZHmC9CgzXO"),
                      (4,'Sneha', 'Verma', 9876543213, 'sneha.verma@example.com', "$2a$10$zklYPzgIRUUsWEUYwvgHZeGZKgYjQLK3p30.yEWAPery9NV0mzsQO"),
                      (5,'Rahul', 'Singh', 9876543214, 'rahul.singh@example.com', "$2a$10$EUJrshF0I1Kkj3Nibc7Lbe654wsPNumbUznqZoUiIw4cS6AmlzjE6");
INSERT INTO Users VALUES
                      (6,'Neha', 'Gupta', 9876543215, 'neha.gupta@example.com', '$2a$10$BMOAQTzZMBpKpKmjGUFlzuL2IepKWlc9XNteWtNzAFT5KKQDj00Jm'),
                      (7,'Sachin', 'Shah', 9876543216, 'sachin.shah@example.com', "$2a$10$GD9ldzAOhHb/p2jvtTPYg.YAX/Ev.TNnw3sMDXJ3J6OCx4jXh8oue"),
                      (8,'Anjali', 'Rao', 9876543217, 'anjali.rao@example.com', "$2a$10$RrKIiesEUJvquye1iQxd4e.uOZCVyXlx5jY3aiLv2bsIKhCtXVkcO"),
                      (9,'Raj', 'Mishra', 9876543218, 'raj.mishra@example.com', "$2a$10$daKX4I9vxvrIInBZfRLw..WE3HoVTwoLeOoFG4HRNVOZHmC9CgzXO"),
                      (10,'Swati', 'Nair', 9876543219, 'swati.nair@example.com', "$2a$10$zklYPzgIRUUsWEUYwvgHZeGZKgYjQLK3p30.yEWAPery9NV0mzsQO");
INSERT INTO Users VALUES
                      (11,'Deepak', 'Iyer', 9876543220, 'deepak.iyer@example.com', "$2a$10$uqQimiZ/2zEjBwn0DI0pVeuYce2atQe1.FOuCILtPb3GQ44PBcIyq"),
                      (12,'Kavita', 'Rajput', 9876543221, 'kavita.rajput@example.com', "$2a$10$EUJrshF0I1Kkj3Nibc7Lbe654wsPNumbUznqZoUiIw4cS6AmlzjE6"),
                      (13,'Aditi', 'Kulkarni', 9876543222, 'aditi.kulkarni@example.com', "$2a$10$RrKIiesEUJvquye1iQxd4e.uOZCVyXlx5jY3aiLv2bsIKhCtXVkcO"),
                      (14,'Rajiv', 'Prasad', 9876543223, 'rajiv.prasad@example.com', "$2a$10$daKX4I9vxvrIInBZfRLw..WE3HoVTwoLeOoFG4HRNVOZHmC9CgzXO"),
                      (15,'Pooja', 'Chopra', 9876543224, 'pooja.chopra@example.com', "$2a$10$zklYPzgIRUUsWEUYwvgHZeGZKgYjQLK3p30.yEWAPery9NV0mzsQO"),
                      (16,'Vikram', 'Pande', 9876543225, 'vikram.pande@example.com', "$2a$10$EUJrshF0I1Kkj3Nibc7Lbe654wsPNumbUznqZoUiIw4cS6AmlzjE6"),
                      (17,'Sarika', 'Reddy', 9876543226, 'sarika.reddy@example.com', "$2a$10$BMOAQTzZMBpKpKmjGUFlzuL2IepKWlc9XNteWtNzAFT5KKQDj00Jm"),
                      (18,'Gaurav', 'Gupta', 9876543227, 'gaurav.gupta@example.com', "$2a$10$zklYPzgIRUUsWEUYwvgHZeGZKgYjQLK3p30.yEWAPery9NV0mzsQO");
INSERT INTO Users VALUES
                      (19,'Meera', 'Malhotra', 9876543228, 'meera.malhotra@example.com', "$2a$10$RrKIiesEUJvquye1iQxd4e.uOZCVyXlx5jY3aiLv2bsIKhCtXVkcO"),
                      (20,'Sanjay', 'Choudhury', 9876543229, 'sanjay.choudhury@example.com', "$2a$10$daKX4I9vxvrIInBZfRLw..WE3HoVTwoLeOoFG4HRNVOZHmC9CgzXO"),
                      (100, 'Admin', 'Hungry', 1234567890, 'admin@food.com', "$2a$10$bAqS6yT4tGv22xYzeM0kauAHtyDgbPIpGOpGB.Ut70bdavB41xdKW"),
                        (21, 'Rahul', 'Kumar', 9876543230, 'rahul.kumar@example.com', "$2a$10$bAqS6yT4tGv22xYzeM0kauAHtyDgbPIpGOpGB.Ut70bdavB41xdKW"),
                       (22, 'Amit', 'Singh', 9876543231, 'amit.singh@example.com',"$2a$10$bAqS6yT4tGv22xYzeM0kauAHtyDgbPIpGOpGB.Ut70bdavB41xdKW"),
                       (23,'Deepak', 'Singhania', 1234567890,'deepak.singhania@example.com',"$2a$10$bAqS6yT4tGv22xYzeM0kauAHtyDgbPIpGOpGB.Ut70bdavB41xdKW");

INSERT INTO userAddress
VALUES
    (1, 1, '45A Richmond Road', 560025),
    (2, 2,'22B Park Street', 700016),
    (3,3, '31A Jubilee Hills', 500033),
    (4, 4, '14C Connaught Place', 110001),
    (5,5, '7E Brigade Road', 560001),
    (6, 6,'3D MG Road', 411001),
    (7, 7,'8B Church Street', 600001),
    (8, 8,'19A Rajpur Road', 248001),
    (9, 9,'25A Ashoka Road', 302001),
    (10,10, '17B Marine Drive', 400001),
    (11,11,  '12E Shyambazar', 700004),
    (12,12, '15C Jubilee Hills', 500033),
    (13,13, '9D Connaught Place', 110001),
    (14,14, '5E Brigade Road', 560001),
    (15,15, '2F MG Road', 411001),
    (16,16, '11A Cathedral Road', 600001),
    (17,17, '27B Rajpur Road', 248001),
    (18, 18,'7C JLN Marg', 302001),
    (19, 19, '14D Marine Drive', 400001),
    (20,20, '31E City Center', 313001);

INSERT INTO restaurant VALUES
                           (1,100,'The Spice Garden', '10:00:00', '22:00:00', 0, 9876543210, '45A Richmond Road', 560025, 4, 120, 'some description','https://img.freepik.com/premium-vector/restaurant-logo-design-template_79169-56.jpg?w=2000'),
                           (2,2,'Caf Royale', '11:30:00', '23:00:00', 1, 9876543211, '22B Park Street', 700016, 4, 80, 'some description', 'https://img.freepik.com/premium-vector/restaurant-logo-design-template_79169-56.jpg?w=2000'),
                           (3,3,'Green Valley Bistro', '09:00:00', '21:30:00', 0, 9876543212, '31A Jubilee Hills', 500033, 5, 150, 'some description','https://play-lh.googleusercontent.com/s7slUGiae9bq7XuYur0GWd_qDp_UXgo_5BIpzOT_BvKGg17TYG5QDr3ckqPcpq20jVU'),
                           (4,4,'Taste of India', '12:00:00', '22:30:00', 0, 9876543213, '14C Connaught Place', 110001, 3, 200, 'some description','https://cdn.logojoy.com/wp-content/uploads/2018/05/30151554/1417.png'),
                           (5,1,'Spice Junction', '10:30:00', '21:30:00', 0, 9876543214, '7E Brigade Road', 560001, 4, 100, 'some description', 'https://www.deputy.com/uploads/2018/08/Screen-Shot-2018-08-08-at-3.05.34-PM.png'),
                           (6,2,'Saffron Delight', '11:00:00', '22:30:00', 0, 9876543215, '3D MG Road', 506002, 4, 90, 'some description','https://img.freepik.com/premium-vector/restaurant-logo-design-template_79169-56.jpg?w=2000'),
                           (7,3,'Delhi Diner', '09:30:00', '20:00:00', 1, 9876543216, '8B Church Street', 600001, 3, 140, 'some description','https://bcassetcdn.com/public/blog/wp-content/uploads/2022/04/26113812/Arbys.png'),
                           (8,4,'The Royal Tandoor', '12:30:00', '23:30:00', 1, 9876543217, '19A Rajpur Road', 248001, 4, 75, 'some description','https://bcassetcdn.com/public/blog/wp-content/uploads/2022/04/26113812/Arbys.png'),
                           (9,1,'Spice Route', '10:45:00', '21:45:00', 1, 9876543218, '25A Ashoka Road', 302001, 4, 110, 'some description','https://img.freepik.com/premium-vector/restaurant-logo-design-template_79169-56.jpg?w=2000'),
                           (10,2,'Mumbai Masala', '09:15:00', '20:15:00', 1, 9876543219, '17B Marine Drive', 400001, 5, 180, 'some description','https://cdn.logojoy.com/wp-content/uploads/2018/05/30151554/1417.png'),
                           (11,3,'Tandoor Village', '11:00:00', '22:00:00', 1, 9876543220, '12E Shyambazar', 700004, 4, 95, 'some description','https://www.deputy.com/uploads/2018/08/Screen-Shot-2018-08-08-at-3.05.34-PM.png'),
                           (12,4,'Flavors of Kochi', '09:30:00', '20:30:00', 0, 9876543221, '15C Jubilee Hills', 500033, 3, 60, 'some description','https://cdn1.designhill.com/uploads/personal_designs/thumbs/7507b51062403fcfa92e62af13f81026-36d03a695bee8fc47a39306832332a1716504379951872.jpg?ver=2.12.63'),
                           (13,5,'Gurgaon Grills', '10:15:00', '21:15:00', 0, 9876543222, '9D Connaught Place', 110001, 4, 130, 'some description','https://cdn1.designhill.com/uploads/personal_designs/thumbs/7507b51062403fcfa92e62af13f81026-36d03a695bee8fc47a39306832332a1716504379951872.jpg?ver=2.12.63'),
                           (14,1,'Delhi Delights', '12:00:00', '23:00:00', 0, 9876543223, '5E Brigade Road', 560001, 5, 175, 'some description', 'https://cdn.logojoy.com/wp-content/uploads/2018/05/30151554/1417.png'),
                           (15,1,'Hyderabadi Spice', '09:45:00', '20:45:00', 0, 9876543224, '2F MG Road', 411001, 4, 105, 'some description', 'https://cdn1.designhill.com/uploads/personal_designs/thumbs/7507b51062403fcfa92e62af13f81026-36d03a695bee8fc47a39306832332a1716504379951872.jpg?ver=2.12.63'),
                           (16,7,'Patiala Palace', '11:30:00', '22:30:00', 0, 9876543225, '11A Cathedral Road', 600001, 3, 70, 'some description','https://www.deputy.com/uploads/2018/08/Screen-Shot-2018-08-08-at-3.05.34-PM.png'),
                           (17,100,'Bhopal Bites', '10:00:00', '21:00:00', 1, 9876543226, '7C JLN Marg', 302001, 4, 125, 'some description','https://99designs-blog.imgix.net/blog/wp-content/uploads/2019/10/attachment_98157495-e1571110518414.png?auto=format&q=60&fit=max&w=930'),
                           (18,100,'Nagpur Spice House', '12:15:00', '23:15:00', 1, 9876543227, '14D Marine Drive', 400001, 3, 85, 'some description', 'https://99designs-blog.imgix.net/blog/wp-content/uploads/2019/10/attachment_98157495-e1571110518414.png?auto=format&q=60&fit=max&w=930'),
                           (19,10,'Coimbatore Cuisine', '09:15:00', '20:15:00', 1, 9876543228, '27B Rajpur Road', 248001, 4, 110, 'some description','https://99designs-blog.imgix.net/blog/wp-content/uploads/2019/10/attachment_98157495-e1571110518414.png?auto=format&q=60&fit=max&w=930'),
                           (20,1,'Varanasi Vibe', '10:30:00', '21:30:00', 1, 9876543229, '31E City Center', 221001, 5, 15, 'some description','https://99designs-blog.imgix.net/blog/wp-content/uploads/2019/10/attachment_98157495-e1571110518414.png?auto=format&q=60&fit=max&w=930');

INSERT INTO items VALUES
                      (1,'Deluxe Veg Thali', 1, 1, 129.99, 'A lavish vegetarian thali with assorted dishes.', 1, 4, 120, '/assets/img/dish-4.png'),
                      (2,'Non-Veg Platter', 1, 0, 149.99, 'An assorted platter of non-vegetarian delights.', 1, 4, 80, '/assets/img/dish-8.png'),
                      (3,'Special Seafood Platter', 1, 0, 179.99, 'A seafood platter with a variety of dishes.', 1, 5, 150, '/assets/img/dish-8.png'),
                      (4,'Signature Tandoori Platter', 1, 0, 139.99, 'A selection of tandoori delights.', 1, 5, 200, '/assets/img/dish-6.png'),
                      (5,'Gourmet Vegetarian Feast', 1, 1, 124.99, 'A gourmet feast with vegetarian specialties.', 1, 4, 100, '/assets/img/dish-10.png'),
                      (6,'Royal Mutton Biryani', 1, 0, 169.99, 'A royal biryani with tender mutton.', 1, 3, 90, '/assets/img/dish-5.png'),
                      (7,'Chefs Special Curry', 1, 0, 159.99, 'Chefs special curry with a unique flavor.', 1, 4, 140, '/assets/img/dish-6.png'),
                      (8,'Exotic Dessert Platter', 1, 1, 119.99, 'An exotic dessert platter with sweet treats.', 1, 3, 75, '/assets/img/dish-9.png'),
                      (9,'Premium Veg Buffet', 1, 1, 144.99, 'A premium buffet with a variety of vegetarian dishes.', 1, 4, 110, '/assets/img/dish-13.png'),
                      (10,'Grand Non-Veg Buffet', 1, 0, 159.99, 'A grand buffet featuring non-vegetarian delicacies.', 1, 5, 180, '/assets/img/dish-1.png'),
                      (11,'Vegetarian Platter', 2, 1, 219.99, 'An assorted platter of vegetarian delights.', 1, 4, 120, '/assets/img/dish-8.png'),
                      (12,'Paneer Special', 2, 1, 249.99, 'Special paneer dish with exotic spices.', 1, 4, 80, '/assets/img/dish-11.png'),
                      (13,'Exquisite Veg Biryani', 2, 1, 229.99, 'Exquisite veg biryani with fragrant rice.', 1, 5, 150, '/assets/img/dish-10.png'),
                      (14,'Veggie Delight', 2, 1, 219.99, 'A delightful vegetarian dish with fresh veggies.', 1, 5, 200, '/assets/img/dish-9.png'),
                      (15,'Tandoori Mushroom', 2, 1, 239.99, 'Tandoori marinated mushrooms with mint chutney.', 1, 4, 100, '/assets/img/dish-7.png'),
                      (16,'Indian Spinach Curry', 2, 1, 229.99, 'Delicious spinach curry with Indian spices.', 1, 3, 90, '/assets/img/dish-10.png'),
                      (17,'Spicy Veg Kebabs', 2, 1, 219.99, 'Spicy and flavorful vegetarian kebabs.', 1, 4, 140, '/assets/img/dish-5.png'),
                      (18,'Veggie Delight Pizza', 2, 1, 229.99, 'A pizza loaded with veggie delights.', 1, 3, 75, '/assets/img/dish-2.png'),
                      (19,'Creamy Veg Pasta', 2, 1, 239.99, 'Creamy pasta with a variety of vegetables.', 1, 4, 110, '/assets/img/dish-2.png'),
                      (20,'Choco Nut Sundae', 2, 1, 249.99, 'Indulgent chocolate and nut sundae.', 1, 5, 180, '/assets/img/dish-12.png'),
                      (21,'Chicken Tandoori', 3, 0, 229.99, 'Tandoori marinated chicken with mint chutney.', 1, 4, 120, '/assets/img/dish-2.png'),
                      (22,'Fish Curry', 3, 0, 249.99, 'Spicy fish curry with rice.', 1, 4, 80, '/assets/img/dish-6.png'),
                      (23,'Veg Fried Rice', 3, 1, 219.99, 'Vegetarian fried rice with fresh vegetables.', 1, 5, 150, '/assets/img/dish-2.png'),
                      (24,'Chicken Shawarma', 3, 0, 219.99, 'Delicious chicken shawarma in pita bread.', 1, 5, 200, '/assets/img/dish-12.png'),
                      (25,'Egg Biryani', 3, 0, 239.99, 'Flavorful egg biryani with fragrant rice.', 1, 4, 100, '/assets/img/dish-1.png'),
                      (26,'Paneer Tikka Wrap', 3, 1, 229.99, 'Paneer tikka wrapped in naan bread.', 1, 3, 90, '/assets/img/dish-11.png'),
                      (27,'Mutton Korma', 3, 0, 219.99, 'Rich and creamy mutton korma.', 1, 4, 140, '/assets/img/dish-10.png'),
                      (28,'Veg Spring Rolls', 3, 1, 229.99, 'Crispy and tasty vegetable spring rolls.', 1, 3, 75, '/assets/img/dish-6.png'),
                      (29,'Butter Chicken Pizza', 3, 0, 239.99, 'Pizza topped with butter chicken.', 1, 4, 110, '/assets/img/dish-5.png'),
                      (30,'Chocolate Lava Cake', 3, 1, 249.99, 'Decadent chocolate lava cake with ice cream.', 1, 5, 180, '/assets/img/dish-10.png'),
                      (31,'Chicken Biryani', 4, 0, 199.99, 'Aromatic chicken biryani with basmati rice.', 1, 4, 120, '/assets/img/dish-5.png'),
                      (32,'Butter Chicken', 4, 0, 229.99, 'Creamy butter chicken with naan.', 1, 4, 80, '/assets/img/dish-2.png'),
                      (33,'Mutton Rogan Josh', 4, 0, 249.99, 'Tender mutton in rich rogan josh gravy.', 1, 5, 150, '/assets/img/dish-11.png'),
                      (34,'Chicken Curry', 4, 0, 219.99, 'Spicy chicken curry with rice.', 1, 5, 200, '/assets/img/dish-11.png'),
                      (35,'Fish Fry', 4, 0, 239.99, 'Crispy and spicy fried fish.', 1, 4, 100, '/assets/img/dish-4.png'),
                      (36,'Egg Biryani', 4, 0, 209.99, 'Flavorful egg biryani with fragrant rice.', 1, 3, 90, '/assets/img/dish-5.png'),
                      (37,'Mutton Korma', 4, 0, 229.99, 'Rich and creamy mutton korma.', 1, 4, 140, '/assets/img/dish-9.png'),
                      (38,'Chicken Shawarma', 4, 0, 219.99, 'Delicious chicken shawarma in pita bread.', 1, 3, 75, '/assets/img/dish-3.png'),
                      (39,'Chicken Tikka', 4, 0, 229.99, 'Spicy and flavorful chicken tikka.', 1, 4, 110, '/assets/img/dish-13.png'),
                      (40,'Schezwan Prawns', 4, 0, 239.99, 'Spicy Schezwan prawns with noodles.', 1, 5, 180, '/assets/img/dish-7.png'),
                      (41,'Mutton Biryani', 5, 0, 199.99, 'Flavorful mutton biryani with basmati rice.', 1, 4, 120, '/assets/img/dish-10.png'),
                      (42,'Chicken Tandoori', 5, 0, 229.99, 'Tandoori marinated chicken with mint chutney.', 1, 4, 80, '/assets/img/dish-13.png'),
                      (43,'Fish Curry', 5, 0, 249.99, 'Spicy fish curry with rice.', 1, 5, 150, '/assets/img/dish-1.png'),
                      (44,'Chicken Hakka Noodles', 5, 0, 219.99, 'Stir-fried chicken hakka noodles.', 1, 5, 200, '/assets/img/dish-6.png'),
                      (45,'Mutton Kebabs', 5, 0, 239.99, 'Succulent mutton kebabs with spices.', 1, 4, 100, '/assets/img/dish-10.png'),
                      (46,'Butter Chicken Pizza', 5, 0, 209.99, 'Pizza topped with butter chicken.', 1, 3, 90, '/assets/img/dish-3.png'),
                      (47,'Chicken Korma', 5, 0, 229.99, 'Rich and creamy chicken korma.', 1, 4, 140, '/assets/img/dish-10.png'),
                      (48,'Chicken Burger', 5, 0, 219.99, 'Juicy chicken burger with fries.', 1, 3, 75, '/assets/img/dish-9.png'),
                      (49,'Grilled Prawns', 5, 0, 229.99, 'Grilled prawns with a special sauce.', 1, 4, 110, '/assets/img/dish-2.png'),
                      (50,'Chicken Biryani', 5, 0, 239.99, 'Spicy chicken biryani with aromatic rice.', 1, 5, 180, '/assets/img/dish-9.png'),
                      (51,'Tandoori Chicken', 6, 0, 199.99, 'Tandoori marinated chicken with mint chutney.', 1, 4, 120, '/assets/img/dish-9.png'),
                      (52,'Chicken Curry', 6, 0, 229.99, 'Spicy chicken curry with rice.', 1, 4, 80, '/assets/img/dish-11.png'),
                      (53,'Grilled Salmon', 6, 0, 249.99, 'Grilled salmon with lemon butter sauce.', 1, 5, 150, '/assets/img/dish-5.png'),
                      (54,'Spicy Chicken Wings', 6, 0, 219.99, 'Spicy and crispy chicken wings.', 1, 5, 200, '/assets/img/dish-13.png'),
                      (55,'Lamb Chops', 6, 0, 239.99, 'Succulent lamb chops marinated in herbs.', 1, 4, 100, '/assets/img/dish-12.png'),
                      (56,'Fish Tacos', 6, 0, 209.99, 'Delicious fish tacos with salsa.', 1, 3, 90, '/assets/img/dish-8.png'),
                      (57,'Beef Steak', 6, 0, 229.99, 'Juicy beef steak cooked to perfection.', 1, 4, 140, '/assets/img/dish-2.png'),
                      (58,'BBQ Ribs', 6, 0, 219.99, 'Tender BBQ ribs with BBQ sauce.', 1, 3, 75, '/assets/img/dish-9.png'),
                      (59,'Pork Sausages', 6, 0, 229.99, 'Savory pork sausages grilled to perfection.', 1, 4, 110, '/assets/img/dish-8.png'),
                      (60,'Seafood Paella', 6, 0, 239.99, 'Traditional seafood paella with saffron rice.', 1, 5, 180, '/assets/img/dish-3.png'),
                      (61,'Veg Platter', 7, 1, 219.99, 'An assorted platter of vegetarian delights.', 1, 4, 120, '/assets/img/dish-1.png'),
                      (62,'Paneer Tikka', 7, 1, 249.99, 'Spicy paneer tikka with assorted spices.', 1, 4, 80, '/assets/img/dish-8.png'),
                      (63,'Veg Biryani', 7, 1, 229.99, 'Flavorful vegetable biryani with raita.', 1, 5, 150, '/assets/img/dish-5.png'),
                      (64,'Dal Makhani', 7, 1, 219.99, 'Creamy and flavorful dal makhani.', 1, 5, 200, '/assets/img/dish-4.png'),
                      (65,'Veggie Delight Pizza', 7, 1, 239.99, 'A pizza loaded with veggie delights.', 1, 4, 100, '/assets/img/dish-11.png'),
                      (66,'Vegetarian Sizzler', 7, 1, 229.99, 'Sizzling platter with vegetarian specialties.', 1, 3, 90, '/assets/img/dish-10.png'),
                      (67,'Veg Spring Rolls', 7, 1, 219.99, 'Crispy and tasty vegetable spring rolls.', 1, 4, 140, '/assets/img/dish-7.png'),
                      (68,'Veggie Delight Wrap', 8, 1, 239.99, 'Wrap filled with veggie delights.', 1, 4, 120, '/assets/img/dish-2.png'),
                      (69,'Mushroom Biryani', 8, 1, 219.99, 'Mushroom biryani with aromatic spices.', 1, 4, 80, '/assets/img/dish-7.png'),
                      (70,'Palak Paneer', 8, 1, 249.99, 'Delicious palak paneer with naan.', 1, 5, 150, '/assets/img/dish-3.png'),
                      (71,'Veggie Burger', 8, 1, 229.99, 'Tasty veggie burger with fries.', 1, 5, 200, '/assets/img/dish-13.png'),
                      (72,'Garden Fresh Salad', 8, 1, 239.99, 'A fresh and healthy garden salad.', 1, 4, 100, '/assets/img/dish-8.png'),
                      (73,'Veggie Tandoori Platter', 8, 1, 209.99, 'Tandoori platter with assorted veggies.', 1, 3, 90, '/assets/img/dish-12.png'),
                      (74,'Paneer Butter Masala', 8, 1, 229.99, 'Paneer in rich buttery tomato gravy.', 1, 4, 140, '/assets/img/dish-2.png'),
                      (75,'Veg Sizzler', 9, 1, 219.99, 'Sizzling platter with vegetarian specialties.', 1, 4, 120, '/assets/img/dish-9.png'),
                      (76,'Veg Noodles', 9, 1, 239.99, 'Stir-fried vegetarian noodles.', 1, 4, 80, '/assets/img/dish-7.png'),
                      (77,'Chole Bhature', 9, 1, 229.99, 'Spicy chole bhature served with pickle.', 1, 5, 150, '/assets/img/dish-9.png'),
                      (78,'Veg Pulao', 9, 1, 219.99, 'Vegetarian pulao with fresh vegetables.', 1, 5, 200, '/assets/img/dish-6.png'),
                      (79,'Veggie Pizza', 9, 1, 239.99, 'Pizza loaded with veggie toppings.', 1, 4, 100, '/assets/img/dish-5.png'),
                      (80,'Veggie Kebabs', 9, 1, 229.99, 'Delicious and spicy vegetarian kebabs.', 1, 3, 90, '/assets/img/dish-4.png'),
                      (81,'Veg Fried Rice', 9, 1, 219.99, 'Fried rice with assorted vegetables.', 1, 4, 140, '/assets/img/dish-2.png'),
                      (82,'Veggie Delight Salad', 10, 1, 219.99, 'A healthy and delicious veggie salad.', 1, 4, 120, '/assets/img/dish-3.png'),
                      (83,'Veggie Wrap', 10, 1, 249.99, 'Wrap filled with veggie delights.', 1, 4, 80, '/assets/img/dish-2.png'),
                      (84,'Veg Manchurian', 10, 1, 229.99, 'Crispy vegetable balls in tangy sauce.', 1, 5, 150, '/assets/img/dish-9.png'),
                      (85,'Veggie Burger', 10, 1, 219.99, 'Tasty veggie burger with fries.', 1, 5, 200, '/assets/img/dish-10.png'),
                      (86,'Paneer Tikka', 10, 1, 239.99, 'Spicy paneer tikka with assorted spices.', 1, 4, 100, '/assets/img/dish-1.png'),
                      (87,'Veggie Sizzler', 10, 1, 229.99, 'Sizzling platter with vegetarian specialties.', 1, 3, 90, '/assets/img/dish-1.png'),
                      (88,'Veggie Pizza', 10, 1, 219.99, 'Pizza loaded with veggie toppings.', 1, 4, 140, '/assets/img/dish-8.png'),
                      (89,'Veggie Delight Platter', 11, 1, 219.99, 'An assorted platter of vegetarian delights.', 1, 4, 120, '/assets/img/dish-10.png'),
                      (90,'Veg Biryani', 11, 1, 249.99, 'Flavorful vegetable biryani with raita.', 1, 4, 80, '/assets/img/dish-5.png'),
                      (91,'Mushroom Curry', 11, 1, 229.99, 'Spicy mushroom curry with rice.', 1, 5, 150, '/assets/img/dish-11.png'),
                      (92,'Veggie Noodles', 11, 1, 219.99, 'Stir-fried vegetarian noodles.', 1, 5, 200, '/assets/img/dish-5.png'),
                      (93,'Aloo Paratha', 11, 1, 239.99, 'Stuffed aloo paratha with yogurt.', 1, 4, 100, '/assets/img/dish-1.png'),
                      (94,'Dal Tadka', 11, 1, 229.99, 'Delicious dal tadka with Indian spices.', 1, 3, 90, '/assets/img/dish-3.png'),
                      (95,'Veggie Spring Rolls', 11, 1, 219.99, 'Crispy and tasty vegetable spring rolls.', 1, 4, 140, '/assets/img/dish-12.png'),
                      (96,'Mixed Grill Platter', 12, 0, 259.99, 'A mix of grilled chicken, mutton, and veggies.', 1, 4, 120, '/assets/img/dish-2.png'),
                      (97,'Veggie Sizzler', 12, 1, 189.99, 'Sizzling platter with vegetarian specialties.', 1, 4, 80, '/assets/img/dish-13.png'),
                      (98,'Butter Chicken', 12, 0, 289.99, 'Creamy butter chicken with naan.', 1, 5, 150, '/assets/img/dish-11.png'),
                      (99,'Mutton Biryani', 12, 0, 279.99, 'Flavorful mutton biryani with basmati rice.', 1, 5, 200, '/assets/img/dish-8.png'),
                      (100,'Vegetarian Pasta', 12, 1, 199.99, 'Pasta with a variety of fresh vegetables.', 1, 4, 100, '/assets/img/dish-7.png'),
                      (101,'Chicken Wings', 12, 0, 209.99, 'Spicy and crispy chicken wings.', 1, 3, 90, '/assets/img/dish-2.png'),
                      (102,'Veggie Burger', 12, 1, 169.99, 'Tasty veggie burger with fries.', 1, 4, 140, '/assets/img/dish-11.png'),
                      (103,'Seafood Platter', 13, 0, 359.99, 'A platter with assorted seafood delicacies.', 1, 4, 120, '/assets/img/dish-11.png'),
                      (104,'Veggie Delight Wrap', 13, 1, 199.99, 'Wrap filled with veggie delights.', 1, 4, 80, '/assets/img/dish-8.png'),
                      (105,'Chicken Shawarma', 13, 0, 249.99, 'Delicious chicken shawarma in pita bread.', 1, 5, 150, '/assets/img/dish-7.png'),
                      (106,'Pasta Alfredo', 13, 1, 229.99, 'Creamy pasta alfredo with cheese.', 1, 5, 200, '/assets/img/dish-7.png'),
                      (107,'Spicy Prawns', 13, 0, 269.99, 'Spicy and tangy prawns with a kick.', 1, 4, 100, '/assets/img/dish-7.png'),
                      (108,'Paneer Tikka Pizza', 13, 1, 189.99, 'Pizza topped with paneer tikka.', 1, 3, 90, '/assets/img/dish-8.png'),
                      (109,'Tandoori Chicken Salad', 13, 0, 179.99, 'Tandoori chicken served on a bed of salad.', 1, 4, 140, '/assets/img/dish-6.png'),
                      (110,'Vegetarian Biryani', 14, 1, 199.99, 'Flavorful vegetarian biryani with raita.', 1, 4, 120, '/assets/img/dish-10.png'),
                      (111,'Grilled Lamb Chops', 14, 0, 299.99, 'Juicy grilled lamb chops with spices.', 1, 4, 80, '/assets/img/dish-11.png'),
                      (112,'Veggie Noodles', 14, 1, 179.99, 'Stir-fried vegetarian noodles.', 1, 5, 150, '/assets/img/dish-11.png'),
                      (113,'Chicken Kebabs', 14, 0, 239.99, 'Succulent chicken kebabs marinated in spices.', 1, 5, 200, '/assets/img/dish-11.png'),
                      (114,'Paneer Butter Masala', 14, 1, 259.99, 'Paneer in rich buttery tomato gravy.', 1, 4, 100, '/assets/img/dish-9.png'),
                      (115,'Veggie Delight Pizza', 14, 1, 189.99, 'A pizza loaded with veggie delights.', 1, 3, 90, '/assets/img/dish-6.png'),
                      (116,'Fish Curry', 14, 0, 249.99, 'Spicy fish curry with rice.', 1, 4, 140, '/assets/img/dish-11.png'),
                      (117,'Chicken Biryani', 15, 0, 299.99, 'Aromatic chicken biryani with basmati rice.', 1, 4, 120, '/assets/img/dish-9.png'),
                      (118,'Mushroom Masala', 15, 1, 199.99, 'Mushroom masala with Indian spices.', 1, 4, 80, '/assets/img/dish-10.png'),
                      (119,'Chicken Curry', 15, 0, 269.99, 'Spicy chicken curry with rice.', 1, 5, 150, '/assets/img/dish-9.png'),
                      (120,'Veg Pulao', 15, 1, 249.99, 'Vegetarian pulao with fresh vegetables.', 1, 5, 200, '/assets/img/dish-1.png'),
                      (121,'Grilled Salmon', 15, 0, 359.99, 'Grilled salmon with lemon butter sauce.', 1, 4, 100, '/assets/img/dish-10.png'),
                      (122,'Chicken Burger', 15, 0, 209.99, 'Juicy chicken burger with fries.', 1, 3, 90, '/assets/img/dish-13.png'),
                      (123,'Vegetable Biryani', 15, 1, 229.99, 'Flavorful vegetable biryani with raita.', 1, 4, 140, '/assets/img/dish-1.png'),
                      (124,'Veggie Delight Salad', 16, 1, 169.99, 'A healthy and delicious veggie salad.', 1, 4, 120, '/assets/img/dish-6.png'),
                      (125,'Fish and Chips', 16, 0, 209.99, 'Crispy fish and chips with tartar sauce.', 1, 4, 80, '/assets/img/dish-5.png'),
                      (126,'Paneer Tikka', 16, 1, 229.99, 'Spicy paneer tikka with assorted spices.', 1, 5, 150, '/assets/img/dish-10.png'),
                      (127,'Beef Steak', 16, 0, 299.99, 'Juicy beef steak cooked to perfection.', 1, 5, 200, '/assets/img/dish-9.png'),
                      (128,'Veggie Pizza', 16, 1, 189.99, 'Pizza loaded with veggie toppings.', 1, 4, 100, '/assets/img/dish-12.png'),
                      (129,'Chicken Alfredo Pasta', 16, 0, 269.99, 'Creamy chicken alfredo pasta with cheese.', 1, 3, 90, '/assets/img/dish-7.png'),
                      (130,'Mixed Grill Platter', 16, 0, 259.99, 'A mix of grilled chicken, lamb, and veggies.', 1, 4, 140, '/assets/img/dish-3.png'),
                      (131,'Dal Baati Churma', 17, 1, 189.99, 'Traditional Rajasthani dish with lentils, wheat balls, and sweet.', 1, 4, 120, '/assets/img/dish-11.png'),
                      (132,'Gatte Ki Sabzi', 17, 1, 199.99, 'Spicy gram flour dumplings in curry.', 1, 4, 80, '/assets/img/dish-5.png'),
                      (133,'Ker Sangri', 17, 1, 209.99, 'A traditional Rajasthani dish made from dried beans and berries.', 1, 5, 150, '/assets/img/dish-12.png'),
                      (134,'Rajasthani Thali', 17, 1, 249.99, 'A platter with a variety of Rajasthani dishes.', 1, 5, 200, '/assets/img/dish-11.png'),
                      (135,'Aloo Pyaaz Paratha', 17, 1, 179.99, 'Stuffed potato and onion paratha.', 1, 4, 100, '/assets/img/dish-8.png'),
                      (136,'Methi Thepla', 17, 1, 169.99, 'Fenugreek flatbreads from Rajasthan.', 1, 3, 90, '/assets/img/dish-11.png'),
                      (137,'Mawa Kachori', 17, 1, 199.99, 'Sweet and rich pastry filled with condensed milk.', 1, 4, 140, '/assets/img/dish-7.png'),
                      (138,'Chole Bhature', 18, 1, 199.99, 'Delhi-style spicy chickpeas with fried bread.', 1, 4, 120, '/assets/img/dish-1.png'),
                      (139,'Paneer Tikka', 18, 1, 219.99, 'Spicy paneer tikka with assorted spices.', 1, 4, 80, '/assets/img/dish-5.png'),
                      (140,'Aloo Paratha', 18, 1, 189.99, 'Stuffed potato paratha served with yogurt.', 1, 5, 150, '/assets/img/dish-8.png'),
                      (141,'Butter pasta', 18, 1, 279.99, 'Creamy butter pasta with richness.', 1, 5, 200, '/assets/img/dish-6.png'),
                      (142,'Rajma Chawal', 18, 1, 209.99, 'Kidney beans curry with rice.', 1, 4, 100, '/assets/img/dish-9.png'),
                      (143,'Papri Chaat', 18, 1, 169.99, 'Delhi-style street food with crispy crackers and chutney.', 1, 3, 90, '/assets/img/dish-11.png'),
                      (144,'Gulab Jamun', 18, 1, 179.99, 'Sweet fried dumplings in sugar syrup.', 1, 4, 140, '/assets/img/dish-8.png'),
                      (145,'Paneer Butter Masala', 19, 1, 229.99, 'Paneer in rich buttery tomato gravy.', 1, 4, 120, '/assets/img/dish-3.png'),
                      (146,'Dal Makhani', 19, 1, 209.99, 'Creamy and flavorful dal makhani.', 1, 4, 80, '/assets/img/dish-3.png'),
                      (147,'Tandoori Roti', 19, 1, 169.99, 'Whole wheat flatbread baked in tandoor.', 1, 5, 150, '/assets/img/dish-6.png'),
                      (148,'Veg Biryani', 19, 1, 239.99, 'Flavorful vegetable biryani with raita.', 1, 5, 200, '/assets/img/dish-2.png'),
                      (149,'Malai Kofta', 19, 1, 249.99, 'Deep-fried vegetable balls in creamy tomato gravy.', 1, 4, 100, '/assets/img/dish-5.png'),
                      (150,'Chana Masala', 19, 1, 189.99, 'Spicy chickpeas curry.', 1, 3, 90, '/assets/img/dish-5.png'),
                      (151,'Aloo Gobi', 19, 1, 199.99, 'Potato and cauliflower curry.', 1, 4, 140, '/assets/img/dish-5.png'),
                      (152,'Paneer Tikka Masala', 20, 1, 259.99, 'Paneer tikka in spicy tomato gravy.', 1, 4, 120, '/assets/img/dish-7.png'),
                      (153,'Veg Pulao', 20, 1, 199.99, 'Vegetarian pulao with fresh vegetables.', 1, 4, 80, '/assets/img/dish-3.png'),
                      (154,'Butter Naan', 20, 1, 189.99, 'Butter-flavored Indian bread.', 1, 5, 150, '/assets/img/dish-9.png'),
                      (155,'Palak Paneer', 20, 1, 229.99, 'Delicious palak paneer with naan.', 1, 5, 200, '/assets/img/dish-10.png'),
                      (156,'Aloo Tikki', 20, 1, 179.99, 'Crispy potato patties served with chutney.', 1, 4, 100, '/assets/img/dish-8.png'),
                      (157,'Matar Paneer', 20, 1, 189.99, 'Paneer and peas in tomato gravy.', 1, 3, 90, '/assets/img/dish-10.png'),
                      (158,'Kheer', 20, 1, 169.99, 'Indian rice pudding with cardamom.', 1, 4, 14, '/assets/img/dish-3.png');

UPDATE items SET price = price * 100;

INSERT INTO Promocode
VALUES
    (1,'SAVE10', '2023-10-01', '2023-10-31', 50.00, 10.00, 'Get 10% off on orders above $50.'),
    (2,'FREESHIP', '2023-10-15', '2023-11-15', 30.00, 90.00, 'Free shipping on orders above $30.'),
    (3,'HALFOFF', '2023-11-01', '2023-11-30', 75.00, 50.00, '50% off on orders above $75.'),
    (4,'NEWUSER15', '2023-10-01', '2023-12-31', 20.00, 15.00, 'New users get 15% off on orders above $20.'),
    (5,'WEEKEND20', '2023-10-22', '2023-10-24', 40.00, 20.00, 'Weekend special: 20% off on orders above $40.'),
    (6,'LOYALTY5', '2023-10-01', '2024-03-31', 10.00, 5.00, 'Loyalty discount: 5% off on all orders.'),
    (7,'EARLYBIRD', '2023-09-15', '2023-10-15', 25.00, 15.00, 'Early bird special: 15% off on orders above $25.'),
    (8,'MIDYEAR25', '2023-06-01', '2023-06-30', 100.00, 25.00, 'Mid-year sale: 25% off on orders above $100.'),
    (9,'SPECIAL50', '2023-12-24', '2023-12-25', 75.00, 50.00, 'Special holiday offer: 50% off on orders above $75.'),
    (10,'SAVEMORE', '2023-11-15', '2023-11-30', 60.00, 30.00, 'Save more: 30% off on orders above $60.'),
    (11,'WINTER10', '2023-12-01', '2023-12-31', 50.00, 10.00, 'Winter discount: 10% off on orders above $50.'),
    (12,'GREATDEAL', '2023-11-15', '2023-11-30', 80.00, 40.00, 'Great deal: 40% off on orders above $80.'),
    (13,'SPRINGSALE', '2023-04-01', '2023-04-15', 35.00, 20.00, 'Spring sale: 20% off on orders above $35.'),
    (14,'FLASH25', '2023-10-15', '2023-10-16', 30.00, 25.00, 'Flash sale: 25% off on orders above $30.'),
    (15,'EASTER10', '2023-04-10', '2023-04-10', 20.00, 10.00, 'Easter special: 10% off on orders above $20.'),
    (16,'MIDWEEK15', '2023-10-18', '2023-10-19', 40.00, 15.00, 'Midweek offer: 15% off on orders above $40.'),
    (17,'SUMMER20', '2023-07-01', '2023-08-31', 50.00, 20.00, 'Summer discount: 20% off on orders above $50.'),
    (18,'THANKSGIVING', '2023-11-23', '2023-11-23', 45.00, 10.00, 'Thanksgiving special: 10% off on orders above $45.'),
    (19,'BACKTOSCHOOL', '2023-08-15', '2023-08-31', 30.00, 15.00, 'Back-to-school offer: 15% off on orders above $30.'),
    (20,'HOLIDAY40', '2023-12-24', '2023-12-31', 90.00, 40.00, 'Holiday season: 40% off on orders above $90.');

INSERT INTO DRIVERS VALUES
                        (1, 21, 10, 4.35, 560025, '/assets/man-1.jpg', 0),
                        (2, 3, 25, 3.5, 500033, '/assets/man-3.jpg', 0);

INSERT INTO privileges VALUES (1, "ROLE_ADMIN"), (2, "ROLE_USER"), (3, "ROLE_DRIVER"), (4, "ROLE_RESTAURANT");
INSERT INTO userprivileges VALUES (100, 1), (100, 2), (100, 3), (100, 4), (1, 2), (1, 4), (2, 2), (3, 2),(3,3),
                                  (4, 2), (5, 2), (6, 2), (7, 2), (8, 2), (9, 2), (10, 2), (11, 2), (12, 2),
                                  (13, 2), (14, 2), (15, 2), (16, 2), (17, 2), (18, 2), (19, 2), (20, 2),(2,4),(3,4),(4,4),(5,4),(7,4),(10,4), (21, 2),(21,3),(22,2),(23,2);

CREATE INDEX user_email ON Users(email);
CREATE INDEX user_userid ON Users(userid);
CREATE INDEX user_priviliges ON userprivileges(userid, privilegeid);
CREATE INDEX pincode_info ON PincodeInfo(Pincode);
CREATE INDEX city_pincode_info ON PincodeInfo(City);
CREATE INDEX user_address ON UserAddress(userid);
CREATE INDEX user_driver ON Drivers(userid);
CREATE INDEX filter_useraddres ON UserAddress(userid, pincode);
CREATE INDEX filter_drivers ON Drivers(pincode);
CREATE INDEX filter_available_drivers ON Drivers(pincode, status);
CREATE INDEX promoname_filter ON Promocode(promoname);
CREATE INDEX driver_pk ON Drivers(driverid);
CREATE INDEX promocode_id_filter ON Promocode(promocodeid);
CREATE INDEX restaurant_pincode ON Restaurant(pincode);
CREATE INDEX restaurant_id ON Restaurant(restaurantid);
CREATE INDEX search_restaurant_name ON Restaurant(RestaurantName);
CREATE INDEX time_filter_restaurant ON Restaurant(StartTime, EndTime);
CREATE INDEX cart_id_filter ON Cart(cartid);
CREATE INDEX cart_userid_filter ON Cart(userid);
CREATE INDEX item_name_filter ON Items(ItemName);
CREATE INDEX item_restaurant_filter ON Items(restaurantid);
CREATE INDEX item_id_filter ON Items(itemid);
CREATE INDEX order_driver ON Orders(driverid);
CREATE INDEX order_cart ON Orders(cartid);
CREATE INDEX order_id_filter ON Orders(orderid);
CREATE INDEX cart_transactions ON Transactions(cartid);
CREATE INDEX transaction_id ON Transactions(transactionid);
CREATE INDEX cartitems ON cartitems(cartid);
CREATE INDEX categoryname_filter ON Category(CategoryName);